date,durable_goods_orders,total_mfg_orders,total_mfg_shipments,total_mfg_inventories,ppi,dgo_yoy,orders_yoy,shipments_yoy,ppi_yoy,orders_to_inventory,oti_12m_avg,dgo_12m_avg,period_label
1992-02-01,114535,223500,228860,376757,116.0,,,,,0.59,,,Normal
1992-03-01,120025,233732,238604,377688,116.1,,,,,0.62,,,Normal
1992-04-01,124470,238173,239877,377491,116.3,,,,,0.63,,,Normal
1992-05-01,125822,241916,243732,377450,117.2,,,,,0.64,,,Normal
1992-06-01,122834,240660,245693,377055,118.0,,,,,0.64,,,Normal
1992-07-01,122590,238609,245608,377301,117.9,,,,,0.63,,,Normal
1992-08-01,120411,235633,242874,379317,117.7,,,,,0.62,,,Normal
1992-09-01,120711,239052,244894,379343,118.0,,,,,0.63,,,Normal
1992-10-01,127392,242803,243190,379138,118.1,,,,,0.64,,,Normal
1992-11-01,122374,240286,246901,377990,117.8,,,,,0.64,,,Normal
1992-12-01,126080,244173,248199,378609,117.6,,,,,0.64,,,Normal
1993-01-01,121637,239924,247812,376454,118.0,,,,,0.64,0.63,122406.75,Normal
1993-02-01,128854,247176,249517,376070,118.4,12.5,10.59,9.03,2.07,0.66,0.64,123600.0,Normal
1993-03-01,126762,245506,250346,377886,118.7,5.61,5.04,4.92,2.24,0.65,0.64,124161.42,Normal
1993-04-01,127395,244703,248681,378720,119.3,2.35,2.74,3.67,2.58,0.65,0.64,124405.17,Normal
1993-05-01,126529,245194,251798,378707,119.7,0.56,1.36,3.31,2.13,0.65,0.64,124464.08,Normal
1993-06-01,130212,249521,253388,379336,119.5,6.01,3.68,3.13,1.27,0.66,0.64,125078.92,Normal
1993-07-01,128111,245765,248759,378300,119.2,4.5,3.0,1.28,1.1,0.65,0.64,125539.0,Normal
1993-08-01,129378,246562,249283,378664,118.7,7.45,4.64,2.64,0.85,0.65,0.65,126286.25,Normal
1993-09-01,127233,245731,252679,379925,118.7,5.4,2.79,3.18,0.59,0.65,0.65,126829.75,Normal
1993-10-01,133168,251656,256449,379690,119.1,4.53,3.65,5.45,0.85,0.66,0.65,127311.08,Normal
1993-11-01,130391,247827,255017,379820,119.0,6.55,3.14,3.29,1.02,0.65,0.65,127979.17,Normal
1993-12-01,133565,250057,256087,379806,118.6,5.94,2.41,3.18,0.85,0.66,0.65,128602.92,Normal
1994-01-01,138498,257125,259834,380801,119.1,13.86,7.17,4.85,0.93,0.68,0.65,130008.0,Normal
1994-02-01,137141,256624,261152,381749,119.3,6.43,3.82,4.66,0.76,0.67,0.66,130698.58,Normal
1994-03-01,136548,257190,261862,382683,119.7,7.72,4.76,4.6,0.84,0.67,0.66,131514.08,Normal
1994-04-01,140336,260006,263499,383704,119.7,10.16,6.25,5.96,0.34,0.68,0.66,132592.5,Normal
1994-05-01,142630,263419,266632,385942,119.9,12.73,7.43,5.89,0.17,0.68,0.66,133934.25,Normal
1994-06-01,145063,267027,268116,387435,120.5,11.41,7.02,5.81,0.84,0.69,0.67,135171.83,Normal
1994-07-01,145013,267694,271246,391062,120.7,13.19,8.92,9.04,1.26,0.68,0.67,136580.33,Normal
1994-08-01,145884,269994,273778,392407,121.2,12.76,9.5,9.83,2.11,0.69,0.67,137955.83,Normal
1994-09-01,145487,270377,272898,392820,121.0,14.35,10.03,8.0,1.94,0.69,0.68,139477.0,Normal
1994-10-01,149547,275087,276184,394981,120.9,12.3,9.31,7.7,1.51,0.7,0.68,140841.92,Normal
1994-11-01,150038,276477,279548,397511,121.5,15.07,11.56,9.62,2.1,0.7,0.68,142479.17,Normal
1994-12-01,152489,282738,286731,399934,121.9,14.17,13.07,11.97,2.78,0.71,0.69,144056.17,Normal
1995-01-01,150459,279692,286480,403311,122.9,8.64,8.78,10.26,3.19,0.69,0.69,145052.92,Normal
1995-02-01,153856,284915,288455,406325,123.5,12.19,11.02,10.45,3.52,0.7,0.69,146445.83,Normal
1995-03-01,152888,282195,284903,409908,123.9,11.97,9.72,8.8,3.51,0.69,0.69,147807.5,Normal
1995-04-01,151401,283370,289640,412519,124.6,7.88,8.99,9.92,4.09,0.69,0.69,148729.58,Normal
1995-05-01,152838,282955,285641,416185,124.9,7.16,7.42,7.13,4.17,0.68,0.69,149580.25,Normal
1995-06-01,150051,281900,288557,417940,125.3,3.44,5.57,7.62,3.98,0.67,0.69,149995.92,Normal
1995-07-01,148915,281269,287862,419612,125.3,2.69,5.07,6.13,3.81,0.67,0.69,150321.08,Normal
1995-08-01,154372,285979,289737,420051,125.1,5.82,5.92,5.83,3.22,0.68,0.69,151028.42,Normal
1995-09-01,160175,293326,295286,422786,125.2,10.1,8.49,8.2,3.47,0.69,0.69,152252.42,Normal
1995-10-01,155473,287568,292655,423789,125.3,3.96,4.54,5.96,3.64,0.68,0.69,152746.25,Normal
1995-11-01,156146,287704,291561,423419,125.4,4.07,4.06,4.3,3.21,0.68,0.69,153255.25,Normal
1995-12-01,163279,297684,300609,424802,125.7,7.08,5.29,4.84,3.12,0.7,0.69,154154.42,Normal
1996-01-01,155806,285822,286897,427759,126.3,3.55,2.19,0.15,2.77,0.67,0.68,154600.0,Normal
1996-02-01,150773,277940,282115,427813,126.2,-2.0,-2.45,-2.2,2.19,0.65,0.68,154343.08,Normal
1996-03-01,164976,298862,294562,428326,126.4,7.91,5.91,3.39,2.02,0.7,0.68,155350.42,Normal
1996-04-01,156830,290320,295365,427475,127.4,3.59,2.45,1.98,2.25,0.68,0.68,155802.83,Normal
1996-05-01,164502,298700,299775,426778,128.1,7.63,5.56,4.95,2.56,0.7,0.68,156774.83,Normal
1996-06-01,164599,299606,303281,426637,128.0,9.7,6.28,5.1,2.15,0.7,0.68,157987.17,Normal
1996-07-01,163588,298909,300234,426960,128.0,9.85,6.27,4.3,2.15,0.7,0.69,159209.92,Normal
1996-08-01,157310,293231,301541,427462,128.3,1.9,2.54,4.07,2.56,0.69,0.69,159454.75,Normal
1996-09-01,165442,302015,305155,429060,128.2,3.29,2.96,3.34,2.4,0.7,0.69,159893.67,Normal
1996-10-01,165266,301595,301294,429727,128.0,6.3,4.88,2.95,2.15,0.7,0.69,160709.75,Normal
1996-11-01,170783,309537,308575,430595,128.2,9.37,7.59,5.84,2.23,0.72,0.69,161929.5,Normal
1996-12-01,162332,300179,307211,430366,129.1,-0.58,0.84,2.2,2.7,0.7,0.69,161850.58,Normal
1997-01-01,161827,300765,307245,431496,129.7,3.86,5.23,7.09,2.69,0.7,0.69,162352.33,Normal
1997-02-01,170221,310604,314468,431959,128.5,12.9,11.75,11.47,1.82,0.72,0.7,163973.0,Normal
1997-03-01,167568,307465,315502,431905,127.3,1.57,2.88,7.11,0.71,0.71,0.7,164189.0,Normal
1997-04-01,174054,313694,318065,434015,127.0,10.98,8.05,7.69,-0.31,0.72,0.71,165624.33,Normal
1997-05-01,168586,308733,315083,435337,127.4,2.48,3.36,5.11,-0.55,0.71,0.71,165964.67,Normal
1997-06-01,174828,315090,320189,435773,127.2,6.21,5.17,5.58,-0.62,0.72,0.71,166817.08,Normal
1997-07-01,178860,318485,322797,436687,126.9,9.34,6.55,7.52,-0.86,0.73,0.71,168089.75,Normal
1997-08-01,177302,319106,323033,438432,127.2,12.71,8.82,7.13,-0.86,0.73,0.71,169755.75,Normal
1997-09-01,177835,318687,323085,439531,127.5,7.49,5.52,5.88,-0.55,0.73,0.72,170788.5,Normal
1997-10-01,177801,319565,322444,442038,127.8,7.58,5.96,7.02,-0.16,0.72,0.72,171833.08,Normal
1997-11-01,191187,334896,328845,441805,127.9,11.95,8.19,6.57,-0.23,0.76,0.72,173533.42,Normal
1997-12-01,173770,315121,325351,443227,126.8,7.05,4.98,5.9,-1.78,0.71,0.72,174486.58,Normal
1998-01-01,174288,315893,321264,445182,125.4,7.7,5.03,4.56,-3.32,0.71,0.72,175525.0,Normal
1998-02-01,181270,322715,329617,447466,125.0,6.49,3.9,4.82,-2.72,0.72,0.72,176445.75,Normal
1998-03-01,176886,317454,328480,448486,124.7,5.56,3.25,4.11,-2.04,0.71,0.72,177222.25,Normal
1998-04-01,180915,320388,324127,449663,124.9,3.94,2.13,1.91,-1.65,0.71,0.72,177794.0,Normal
1998-05-01,180634,320787,326081,450268,125.1,7.15,3.9,3.49,-1.81,0.71,0.72,178798.0,Normal
1998-06-01,172189,311219,318990,451186,124.8,-1.51,-1.23,-0.37,-1.89,0.69,0.72,178578.08,Normal
1998-07-01,170459,308769,316408,451307,124.9,-4.7,-3.05,-1.98,-1.58,0.68,0.72,177878.0,Normal
1998-08-01,179033,318026,323533,451138,124.2,0.98,-0.34,0.15,-2.36,0.7,0.71,178022.25,Normal
1998-09-01,181422,319546,325676,450938,123.8,2.02,0.27,0.8,-2.9,0.71,0.71,178321.17,Normal
1998-10-01,178527,315959,327376,451993,124.0,0.41,-1.13,1.53,-2.97,0.7,0.71,178381.67,Normal
1998-11-01,182400,319291,328263,451956,123.6,-4.6,-4.66,-0.18,-3.36,0.71,0.71,177649.42,Normal
1998-12-01,178424,315467,327621,448373,122.8,2.68,0.11,0.7,-3.15,0.7,0.71,178037.25,Normal
1999-01-01,186527,324278,329778,446610,122.9,7.02,2.65,2.65,-1.99,0.73,0.71,179057.17,Normal
1999-02-01,185546,324617,332449,446919,122.3,2.36,0.59,0.86,-2.16,0.73,0.71,179413.5,Normal
1999-03-01,184689,322604,328330,448820,122.6,4.41,1.62,-0.05,-1.68,0.72,0.71,180063.75,Normal
1999-04-01,182993,321414,330637,448517,123.6,1.15,0.32,2.01,-1.04,0.72,0.71,180236.92,Normal
1999-05-01,185963,325581,334737,450139,124.7,2.95,1.49,2.65,-0.32,0.72,0.71,180681.0,Normal
1999-06-01,182590,323793,333629,449738,125.2,6.04,4.04,4.59,0.32,0.72,0.71,181547.75,Normal
1999-07-01,189083,330548,334383,451770,125.7,10.93,7.05,5.68,0.64,0.73,0.72,183099.75,Normal
1999-08-01,189414,332510,339874,452018,126.9,5.8,4.55,5.05,2.17,0.74,0.72,183964.83,Normal
1999-09-01,188910,333492,338283,454847,128.0,4.13,4.36,3.87,3.39,0.73,0.72,184588.83,Normal
1999-10-01,194547,341407,343993,455920,127.7,8.97,8.05,5.08,2.98,0.75,0.72,185923.83,Normal
1999-11-01,186597,334281,342887,459768,128.3,2.3,4.69,4.45,3.8,0.73,0.73,186273.58,Normal
1999-12-01,196344,344248,344275,463004,127.8,10.04,9.12,5.08,4.07,0.74,0.73,187766.92,Normal
2000-01-01,201360,350725,352617,463496,128.3,7.95,8.16,6.93,4.39,0.76,0.73,189003.0,Normal
2000-02-01,183911,331991,339991,466513,129.8,-0.88,2.27,2.27,6.13,0.71,0.73,188866.75,Normal
2000-03-01,192130,344182,349386,467223,130.8,4.03,6.69,6.41,6.69,0.74,0.73,189486.83,Normal
2000-04-01,195044,347917,355440,469884,130.7,6.59,8.25,7.5,5.74,0.74,0.73,190491.08,Normal
2000-05-01,188606,340085,349201,470210,131.6,1.42,4.45,4.32,5.53,0.72,0.73,190711.33,Normal
2000-06-01,219745,374700,354776,474316,133.8,20.35,15.72,6.34,6.87,0.79,0.74,193807.58,Normal
2000-07-01,189265,343351,351342,475759,133.7,0.1,3.87,5.07,6.36,0.72,0.74,193822.75,Normal
2000-08-01,188730,340728,346480,477559,132.9,-0.36,2.47,1.94,4.73,0.71,0.74,193765.75,Normal
2000-09-01,199947,354557,356101,477896,134.7,5.84,6.32,5.27,5.23,0.74,0.74,194685.5,Normal
2000-10-01,186158,339610,348744,479716,135.4,-4.31,-0.53,1.38,6.03,0.71,0.73,193986.42,Normal
2000-11-01,189392,343578,346841,482228,135.0,1.5,2.78,1.15,5.22,0.71,0.73,194219.33,Normal
2000-12-01,188659,343858,351481,480748,136.2,-3.91,-0.11,2.09,6.57,0.72,0.73,193578.92,Normal
2001-01-01,177056,331600,342456,483066,140.0,-12.07,-5.45,-2.88,9.12,0.69,0.73,191553.58,Normal
2001-02-01,180276,335205,346340,478318,137.4,-1.98,0.97,1.87,5.86,0.7,0.72,191250.67,Normal
2001-03-01,182209,333486,339850,473309,135.9,-5.16,-3.11,-2.73,3.9,0.7,0.72,190423.92,2001 Recession
2001-04-01,171850,321890,330760,470260,136.4,-11.89,-7.48,-6.94,4.36,0.68,0.72,188491.08,2001 Recession
2001-05-01,177749,329643,337868,465875,136.8,-5.76,-3.07,-3.25,3.95,0.71,0.72,187586.33,2001 Recession
2001-06-01,176350,324044,331263,460435,135.5,-19.75,-13.52,-6.63,1.27,0.7,0.71,183970.08,2001 Recession
2001-07-01,170129,318401,327673,454235,133.4,-10.11,-7.27,-6.74,-0.22,0.7,0.71,182375.42,2001 Recession
2001-08-01,170484,321838,330587,449964,133.4,-9.67,-5.54,-4.59,0.38,0.72,0.71,180854.92,2001 Recession
2001-09-01,164123,311821,321971,444924,133.3,-17.92,-12.05,-9.58,-1.04,0.7,0.7,177869.58,2001 Recession
2001-10-01,171530,318537,320055,439875,130.3,-7.86,-6.21,-8.23,-3.77,0.72,0.7,176650.58,2001 Recession
2001-11-01,163811,310008,320020,434017,129.8,-13.51,-9.77,-7.73,-3.85,0.71,0.7,174518.83,2001 Recession
2001-12-01,165304,311731,322366,427353,128.1,-12.38,-9.34,-8.28,-5.95,0.73,0.71,172572.58,Normal
2002-01-01,163324,308617,320227,424779,128.5,-7.76,-6.93,-6.49,-8.21,0.73,0.71,171428.25,Normal
2002-02-01,172406,317481,320048,419978,128.4,-4.37,-5.29,-7.59,-6.55,0.76,0.71,170772.42,Normal
2002-03-01,167853,315160,321653,417772,129.8,-7.88,-5.5,-5.35,-4.49,0.75,0.72,169576.08,Normal
2002-04-01,171852,319110,326961,417082,130.8,0.0,-0.86,-1.15,-4.11,0.77,0.72,169576.25,Normal
2002-05-01,171854,321471,329124,416371,130.8,-3.32,-2.48,-2.59,-4.39,0.77,0.73,169085.0,Normal
2002-06-01,166070,316320,328792,416818,130.9,-5.83,-2.38,-0.75,-3.39,0.76,0.73,168228.33,Normal
2002-07-01,174282,320937,325136,417200,131.2,2.44,0.8,-0.77,-1.65,0.77,0.74,168574.42,Normal
2002-08-01,177126,326896,329890,418613,131.5,3.9,1.57,-0.21,-1.42,0.78,0.75,169127.92,Normal
2002-09-01,166838,319466,330380,420483,132.3,1.65,2.45,2.61,-0.75,0.76,0.75,169354.17,Normal
2002-10-01,169134,320658,329569,420280,133.2,-1.4,0.67,2.97,2.23,0.76,0.75,169154.5,Normal
2002-11-01,170023,322463,330925,419887,133.1,3.79,4.02,3.41,2.54,0.77,0.76,169672.17,Normal
2002-12-01,163962,316933,324666,423028,132.9,-0.81,1.67,0.71,3.75,0.75,0.76,169560.33,Normal
2003-01-01,169994,323882,329775,421019,135.3,4.08,4.95,2.98,5.29,0.77,0.76,170116.17,Normal
2003-02-01,174113,330320,333300,424506,137.6,0.99,4.04,4.14,7.17,0.78,0.77,170258.42,Normal
2003-03-01,172245,330437,335969,422535,141.2,2.62,4.85,4.45,8.78,0.78,0.77,170624.42,Normal
2003-04-01,169347,321380,325729,421889,136.8,-1.46,0.71,-0.38,4.59,0.76,0.77,170415.67,Normal
2003-05-01,171542,324549,329152,420564,136.7,-0.18,0.96,0.01,4.51,0.77,0.77,170389.67,Normal
2003-06-01,173507,328625,332387,417495,138.0,4.48,3.89,1.09,5.42,0.79,0.77,171009.42,Normal
2003-07-01,173320,329530,335641,414352,137.7,-0.55,2.68,3.23,4.95,0.8,0.77,170929.25,Normal
2003-08-01,173044,330322,333478,413035,138.0,-2.3,1.05,1.09,4.94,0.8,0.77,170589.08,Normal
2003-09-01,178690,336048,339451,410461,138.5,7.1,5.19,2.75,4.69,0.82,0.78,171576.75,Normal
2003-10-01,183704,342054,340292,410493,139.3,8.61,6.67,3.25,4.58,0.83,0.78,172790.92,Normal
2003-11-01,181685,339229,340813,408760,138.9,6.86,5.2,2.99,4.36,0.83,0.79,173762.75,Normal
2003-12-01,181513,340507,340662,408302,139.5,10.7,7.44,4.93,4.97,0.83,0.8,175225.33,Normal
2004-01-01,178696,339193,340904,407705,141.4,5.12,4.73,3.37,4.51,0.83,0.8,175950.5,Normal
2004-02-01,181662,341261,342437,410536,142.1,4.34,3.31,2.74,3.27,0.83,0.81,176579.58,Normal
2004-03-01,190869,354358,352405,412711,143.1,10.81,7.24,4.89,1.35,0.86,0.81,178131.58,Normal
2004-04-01,184368,349488,350787,414863,144.8,8.87,8.75,7.69,5.85,0.84,0.82,179383.33,Normal
2004-05-01,183459,351373,353584,418489,146.8,6.95,8.27,7.42,7.39,0.84,0.83,180376.42,Normal
2004-06-01,185640,354635,356098,422643,147.2,6.99,7.91,7.13,6.67,0.84,0.83,181387.5,Normal
2004-07-01,186835,356710,355168,426260,147.4,7.8,8.25,5.82,7.04,0.84,0.83,182513.75,Normal
2004-08-01,183728,355629,361544,429820,148.0,6.17,7.66,8.42,7.25,0.83,0.84,183404.08,Normal
2004-09-01,188444,361042,362733,430989,147.7,5.46,7.44,6.86,6.64,0.84,0.84,184216.92,Normal
2004-10-01,185187,364476,370763,434813,150.0,0.81,6.56,8.95,7.68,0.84,0.84,184340.5,Normal
2004-11-01,192545,373177,372665,439997,151.4,5.98,10.01,9.35,9.0,0.85,0.84,185245.5,Normal
2004-12-01,193578,373419,376171,441222,150.2,6.65,9.67,10.42,7.67,0.85,0.84,186250.92,Normal
2005-01-01,194875,378937,383451,446240,150.9,9.05,11.72,12.48,6.72,0.85,0.84,187599.17,Normal
2005-02-01,196475,381880,382856,451361,151.6,8.15,11.9,11.8,6.69,0.85,0.84,188833.58,Normal
2005-03-01,186608,374642,383330,455394,153.7,-2.23,5.72,8.78,7.41,0.82,0.84,188478.5,Normal
2005-04-01,194847,385450,391914,456990,155.0,5.68,10.29,11.72,7.04,0.84,0.84,189351.75,Normal
2005-05-01,206623,395916,388713,457623,154.3,12.63,12.68,9.94,5.11,0.87,0.84,191282.08,Normal
2005-06-01,210020,400506,390608,458507,154.3,13.13,12.93,9.69,4.82,0.87,0.84,193313.75,Normal
2005-07-01,194475,386590,388894,461924,156.3,4.09,8.38,9.5,6.04,0.84,0.84,193950.42,Normal
2005-08-01,204839,401287,397874,461964,157.6,11.49,12.84,10.05,6.49,0.87,0.85,195709.67,Normal
2005-09-01,203997,404154,404626,463598,162.2,8.25,11.94,11.55,9.82,0.87,0.85,197005.75,Normal
2005-10-01,209901,409487,407023,467552,166.2,13.35,12.35,9.78,10.8,0.88,0.85,199065.25,Normal
2005-11-01,220733,421486,408759,470206,163.7,14.64,12.95,9.69,8.12,0.9,0.86,201414.25,Normal
2005-12-01,221499,422981,415629,474639,163.0,14.42,13.27,10.49,8.52,0.89,0.86,203741.0,Normal
2006-01-01,209540,415824,416522,479543,164.3,7.53,9.73,8.62,8.88,0.87,0.86,204963.08,Normal
2006-02-01,219738,421074,414555,481048,161.8,11.84,10.26,8.28,6.73,0.88,0.87,206901.67,Normal
2006-03-01,227188,430457,417841,486076,162.2,21.75,14.9,9.0,5.53,0.89,0.87,210283.33,Normal
2006-04-01,214625,418625,412824,491322,164.3,10.15,8.61,5.34,6.0,0.85,0.87,211931.5,Normal
2006-05-01,215819,423472,422874,496672,165.8,4.45,6.96,8.79,7.45,0.85,0.87,212697.83,Normal
2006-06-01,221220,427440,422097,501897,166.1,5.33,6.72,8.06,7.65,0.85,0.87,213631.17,Normal
2006-07-01,209494,416849,414867,506637,166.8,7.72,7.83,6.68,6.72,0.82,0.87,214882.75,Normal
2006-08-01,210473,418759,423317,511525,167.9,2.75,4.35,6.39,6.54,0.82,0.86,215352.25,Normal
2006-09-01,234701,435776,413563,516251,165.4,15.05,7.82,2.21,1.97,0.84,0.86,217910.92,Normal
2006-10-01,216952,415798,411428,519748,162.2,3.36,1.54,1.08,-2.41,0.8,0.85,218498.5,Normal
2006-11-01,224809,426451,416349,522206,164.6,1.85,1.18,1.86,0.55,0.82,0.85,218838.17,Normal
2006-12-01,229243,437894,430529,523476,165.6,3.5,3.53,3.58,1.6,0.84,0.84,219483.5,Normal
2007-01-01,222969,427905,420568,524494,164.0,6.41,2.91,0.97,-0.18,0.82,0.84,220602.58,Normal
2007-02-01,220962,430410,428419,527703,166.8,0.56,2.22,3.34,3.09,0.82,0.83,220704.58,Normal
2007-03-01,229526,442158,435276,529461,169.3,1.03,2.72,4.17,4.38,0.84,0.83,220899.42,Normal
2007-04-01,233420,446596,437473,533451,171.4,8.76,6.68,5.97,4.32,0.84,0.83,222465.67,Normal
2007-05-01,228836,445891,443106,538547,173.3,6.03,5.29,4.78,4.52,0.83,0.83,223550.42,Normal
2007-06-01,228868,446539,442827,540804,173.8,3.46,4.47,4.91,4.64,0.83,0.82,224187.75,Normal
2007-07-01,233176,450464,442320,541015,175.1,11.3,8.06,6.62,4.98,0.83,0.83,226161.25,Normal
2007-08-01,235758,452598,443719,542345,172.4,12.01,8.08,4.82,2.68,0.83,0.83,228268.33,Normal
2007-09-01,226473,448633,446716,548039,173.5,-3.51,2.95,8.02,4.9,0.82,0.82,227582.67,Normal
2007-10-01,230700,458907,453209,551124,174.7,6.34,10.37,10.16,7.71,0.83,0.83,228728.33,Normal
2007-11-01,227005,464910,464025,556989,179.0,0.98,9.02,11.45,8.75,0.83,0.83,228911.33,Normal
2007-12-01,244443,481274,462350,563043,178.6,6.63,9.91,7.39,7.85,0.85,0.83,230178.0,2008 Financial Crisis
2008-01-01,239389,478676,468524,568357,181.0,7.36,11.87,11.4,10.37,0.84,0.83,231546.33,2008 Financial Crisis
2008-02-01,235037,473714,466987,570114,182.7,6.37,10.06,9.0,9.53,0.83,0.83,232719.25,2008 Financial Crisis
2008-03-01,234868,473829,462466,573237,187.9,2.33,7.16,6.25,10.99,0.83,0.83,233164.42,2008 Financial Crisis
2008-04-01,231086,477888,475523,571883,190.9,-1.0,7.01,8.7,11.38,0.84,0.83,232969.92,2008 Financial Crisis
2008-05-01,227370,477706,475246,573696,196.6,-0.64,7.14,7.25,13.44,0.83,0.83,232847.75,2008 Financial Crisis
2008-06-01,229262,485010,481867,577427,200.5,0.17,8.62,8.82,15.36,0.84,0.83,232880.58,2008 Financial Crisis
2008-07-01,220411,477725,480744,578433,205.5,-5.47,6.05,8.69,17.36,0.83,0.83,231816.83,2008 Financial Crisis
2008-08-01,214106,463929,466681,580335,199.0,-9.18,2.5,5.17,15.43,0.8,0.83,230012.5,2008 Financial Crisis
2008-09-01,215245,452545,453298,572743,196.9,-4.96,0.87,1.47,13.49,0.79,0.83,229076.83,2008 Financial Crisis
2008-10-01,191912,419715,433552,567064,186.4,-16.81,-8.54,-4.34,6.7,0.74,0.82,225844.5,2008 Financial Crisis
2008-11-01,181552,386733,401585,560227,176.8,-20.02,-16.82,-13.46,-1.23,0.69,0.81,222056.75,2008 Financial Crisis
2008-12-01,173849,365490,381495,543273,170.9,-28.88,-24.06,-17.49,-4.31,0.67,0.79,216173.92,2008 Financial Crisis
2009-01-01,151085,343559,368581,538445,171.2,-36.89,-28.23,-21.33,-5.41,0.64,0.78,208815.25,2008 Financial Crisis
2009-02-01,148834,343150,370125,530391,169.3,-36.68,-27.56,-20.74,-7.33,0.65,0.76,201631.67,2008 Financial Crisis
2009-03-01,146323,333431,359215,523409,168.1,-37.7,-29.63,-22.33,-10.54,0.64,0.75,194252.92,2008 Financial Crisis
2009-04-01,147467,334449,353787,517053,169.1,-36.19,-30.02,-25.6,-11.42,0.65,0.73,187284.67,2008 Financial Crisis
2009-05-01,149255,339817,354483,513838,170.8,-34.36,-28.86,-25.41,-13.12,0.66,0.72,180775.08,2008 Financial Crisis
2009-06-01,147033,345129,361739,507452,174.1,-35.87,-28.84,-24.93,-13.17,0.68,0.7,173922.67,2008 Financial Crisis
2009-07-01,153691,348909,362449,504096,172.5,-30.27,-26.96,-24.61,-16.06,0.69,0.69,168362.67,Normal
2009-08-01,157489,355776,366753,501500,175.0,-26.44,-23.31,-21.41,-12.06,0.71,0.68,163644.58,Normal
2009-09-01,158041,359189,374771,498099,174.1,-26.58,-20.63,-17.32,-11.58,0.72,0.68,158877.58,Normal
2009-10-01,161097,366143,378606,502146,175.2,-16.06,-12.76,-12.67,-6.01,0.73,0.68,156309.67,Normal
2009-11-01,160419,369445,386354,504770,177.4,-11.64,-4.47,-3.79,0.34,0.73,0.68,154548.58,Normal
2009-12-01,160520,371392,390857,505025,178.1,-7.67,1.61,2.45,4.21,0.74,0.69,153437.83,Normal
2010-01-01,181016,393694,396215,505695,181.9,19.81,14.59,7.5,6.25,0.78,0.7,155932.08,Normal
2010-02-01,180450,394215,394069,510367,181.0,21.24,14.88,6.47,6.91,0.77,0.71,158566.75,Normal
2010-03-01,182148,400659,401764,512320,183.3,24.48,20.16,11.84,9.04,0.78,0.72,161552.17,Normal
2010-04-01,182948,400842,405276,515075,184.4,24.06,19.85,14.55,9.05,0.78,0.73,164508.92,Normal
2010-05-01,189932,404370,403798,515983,184.8,27.25,19.0,13.91,8.2,0.78,0.74,167898.67,Normal
2010-06-01,185667,400624,404071,519456,183.5,26.28,16.08,11.7,5.4,0.77,0.75,171118.17,Normal
2010-07-01,187506,402326,408072,523182,184.1,22.0,15.31,12.59,6.72,0.77,0.76,173936.08,Normal
2010-08-01,191745,408354,409306,525386,184.9,21.75,14.78,11.6,5.66,0.78,0.76,176790.75,Normal
2010-09-01,201932,422049,414874,531038,184.9,27.77,17.5,10.7,6.2,0.79,0.77,180448.33,Normal
2010-10-01,193066,417830,419156,538163,186.6,19.84,14.12,10.71,6.51,0.78,0.77,183112.42,Normal
2010-11-01,197202,426427,424048,545104,187.7,22.93,15.42,9.76,5.81,0.78,0.78,186177.67,Normal
2010-12-01,193452,429764,433667,553726,189.7,20.52,15.72,10.95,6.51,0.78,0.78,188922.0,Normal
2011-01-01,203636,445734,443095,560473,192.7,12.5,13.22,11.83,5.94,0.8,0.78,190807.0,Normal
2011-02-01,196393,438975,443044,566076,195.8,8.84,11.35,12.43,8.18,0.78,0.78,192135.58,Normal
2011-03-01,212748,463133,457499,573235,199.2,16.8,15.59,13.87,8.67,0.81,0.78,194685.58,Normal
2011-04-01,200733,454441,456866,582766,203.1,9.72,13.37,12.73,10.14,0.78,0.78,196167.67,Normal
2011-05-01,207170,458536,455288,589349,204.1,9.08,13.4,12.75,10.44,0.78,0.78,197604.17,Normal
2011-06-01,201579,454746,458051,591280,203.9,8.57,13.51,13.36,11.12,0.77,0.78,198930.17,Normal
2011-07-01,206458,459477,461077,594906,204.6,10.11,14.21,12.99,11.14,0.77,0.78,200509.5,Normal
2011-08-01,216705,468947,461942,596862,203.2,13.02,14.84,12.86,9.9,0.79,0.78,202589.5,Normal
2011-09-01,204738,457843,460608,595570,203.7,1.39,8.48,11.02,10.17,0.77,0.78,202823.33,Normal
2011-10-01,210799,463126,463876,602499,201.1,9.18,10.84,10.67,7.77,0.77,0.78,204301.08,Normal
2011-11-01,215531,471598,467009,605644,201.4,9.29,10.59,10.13,7.3,0.78,0.78,205828.5,Normal
2011-12-01,223835,478391,468024,607035,199.8,15.71,11.31,7.92,5.32,0.79,0.78,208360.42,Normal
2012-01-01,226295,482146,474909,609566,200.7,11.13,8.17,7.18,4.15,0.79,0.78,210248.67,Normal
2012-02-01,226783,483814,474871,611427,201.6,15.47,10.21,7.18,2.96,0.79,0.78,212781.17,Normal
2012-03-01,221729,481670,478309,612395,204.2,4.22,4.0,4.55,2.51,0.79,0.78,213529.58,Normal
2012-04-01,218445,473621,474477,612939,203.7,8.82,4.22,3.85,0.3,0.77,0.78,215005.58,Normal
2012-05-01,219486,471644,474071,612413,201.9,5.94,2.86,4.13,-1.08,0.77,0.78,216031.92,Normal
2012-06-01,217930,464626,467180,612743,199.8,8.11,2.17,1.99,-2.01,0.76,0.78,217394.5,Normal
2012-07-01,222851,472683,466928,615159,200.1,7.94,2.87,1.27,-2.2,0.77,0.78,218760.58,Normal
2012-08-01,200405,455789,470127,617606,202.7,-7.52,-2.81,1.77,-0.25,0.74,0.77,217402.25,Normal
2012-09-01,216864,474226,473980,622526,204.4,5.92,3.58,2.9,0.34,0.76,0.77,218412.75,Normal
2012-10-01,218355,477661,475666,622245,203.5,3.58,3.14,2.54,1.19,0.77,0.77,219042.42,Normal
2012-11-01,217176,476440,479682,623506,201.8,0.76,1.03,2.71,0.2,0.76,0.77,219179.5,Normal
2012-12-01,231169,488861,479410,625232,201.5,3.28,2.19,2.43,0.85,0.78,0.77,219790.67,Normal
2013-01-01,223063,484478,481938,627400,202.5,-1.43,0.48,1.48,0.9,0.77,0.77,219521.33,Normal
2013-02-01,234445,501772,491364,628276,204.3,3.38,3.71,3.47,1.34,0.8,0.77,220159.83,Normal
2013-03-01,217480,476914,483070,627939,204.0,-1.92,-0.99,1.0,-0.1,0.76,0.77,219805.75,Normal
2013-04-01,226467,481734,478974,628288,203.5,3.67,1.71,0.95,-0.1,0.77,0.77,220474.25,Normal
2013-05-01,236942,494611,484192,625551,204.1,7.95,4.87,2.13,1.09,0.79,0.77,221928.92,Normal
2013-06-01,246567,501093,480006,625285,204.3,13.14,7.85,2.75,2.25,0.8,0.77,224315.33,Normal
2013-07-01,220831,481156,480863,627142,204.4,-0.91,1.79,2.98,2.15,0.77,0.77,224147.0,Normal
2013-08-01,224721,485233,485051,628960,204.2,12.13,6.46,3.17,0.74,0.77,0.78,226173.33,Normal
2013-09-01,237493,496195,483975,630614,203.9,9.51,4.63,2.11,-0.24,0.79,0.78,227892.42,Normal
2013-10-01,231736,490079,485186,630603,202.5,6.13,2.6,2.0,-0.49,0.78,0.78,229007.5,Normal
2013-11-01,243831,504720,493452,629400,201.2,12.27,5.94,2.87,-0.3,0.8,0.78,231228.75,Normal
2013-12-01,238481,501745,489057,632374,202.0,3.16,2.64,2.01,0.25,0.79,0.78,231838.08,Normal
2014-01-01,224538,488094,488587,633963,203.8,0.66,0.75,1.38,0.64,0.77,0.78,231961.0,Normal
2014-02-01,231380,496871,495161,639903,205.7,-1.31,-0.98,0.77,0.69,0.78,0.78,231705.58,Normal
2014-03-01,235485,498172,493571,640783,207.0,8.28,4.46,2.17,1.47,0.78,0.78,233206.0,Normal
2014-04-01,237317,500540,494140,642136,208.3,4.79,3.9,3.17,2.36,0.78,0.78,234110.17,Normal
2014-05-01,234459,496209,493713,647324,208.0,-1.05,0.32,1.97,1.91,0.77,0.78,233903.25,Normal
2014-06-01,237501,498610,493890,646463,208.3,-3.68,-0.5,2.89,1.96,0.77,0.78,233147.75,Normal
2014-07-01,300114,558342,496723,647681,208.0,35.9,16.04,3.3,1.76,0.86,0.79,239754.67,Normal
2014-08-01,236400,495777,496071,648757,207.0,5.2,2.17,2.27,1.37,0.76,0.79,240727.92,Normal
2014-09-01,236112,492542,493030,649762,206.4,-0.58,-0.74,1.87,1.23,0.76,0.78,240612.83,Normal
2014-10-01,233072,484859,488060,647766,203.4,0.58,-1.07,0.59,0.44,0.75,0.78,240724.17,Normal
2014-11-01,228727,476389,479319,648098,200.9,-6.19,-5.61,-2.86,-0.15,0.74,0.78,239465.5,Normal
2014-12-01,225104,465351,477143,643319,197.0,-5.61,-7.25,-2.44,-2.48,0.72,0.77,238350.75,Normal
2015-01-01,225739,458487,463448,642216,192.0,0.53,-6.07,-5.15,-5.79,0.71,0.76,238450.83,Normal
2015-02-01,217321,452249,464823,642612,191.1,-6.08,-8.98,-6.13,-7.1,0.7,0.76,237279.25,Normal
2015-03-01,230136,464063,469376,643041,191.5,-2.27,-6.85,-4.9,-7.49,0.72,0.75,236833.5,Normal
2015-04-01,225656,459217,467851,643913,190.9,-4.91,-8.26,-5.32,-8.35,0.71,0.75,235861.75,Normal
2015-05-01,218316,451910,465200,644637,193.4,-6.89,-8.93,-5.78,-7.02,0.7,0.74,234516.5,Normal
2015-06-01,228948,463050,467861,647645,194.8,-3.6,-7.13,-5.27,-6.48,0.71,0.74,233803.75,Normal
2015-07-01,228347,460215,466119,647152,193.9,-23.91,-17.57,-6.16,-6.78,0.71,0.73,227823.17,Normal
2015-08-01,222335,449990,460860,644995,191.9,-5.95,-9.24,-7.1,-7.29,0.7,0.72,226651.08,Normal
2015-09-01,217744,442590,458330,641540,189.1,-7.78,-10.14,-7.04,-8.38,0.69,0.71,225120.42,Normal
2015-10-01,226517,450974,454634,641947,187.5,-2.81,-6.99,-6.85,-7.82,0.7,0.71,224574.17,Normal
2015-11-01,224319,445693,452391,639703,185.7,-1.93,-6.44,-5.62,-7.57,0.7,0.71,224206.83,Normal
2015-12-01,217570,435902,443487,638420,183.5,-3.35,-6.33,-7.05,-6.85,0.68,0.7,223579.0,Normal
2016-01-01,228982,443714,443489,634438,182.6,1.44,-3.22,-4.31,-4.9,0.7,0.7,223849.25,Normal
2016-02-01,216792,430074,440948,631823,181.3,-0.24,-4.9,-5.14,-5.13,0.68,0.7,223805.17,Normal
2016-03-01,218388,435914,442640,632156,182.1,-5.1,-6.07,-5.7,-4.91,0.69,0.7,222826.17,Normal
2016-04-01,229837,448780,446438,631634,183.2,1.85,-2.27,-4.58,-4.03,0.71,0.7,223174.58,Normal
2016-05-01,223117,442666,444944,631913,185.3,2.2,-2.05,-4.35,-4.19,0.7,0.7,223574.67,Normal
2016-06-01,206910,428557,446518,631186,187.6,-9.63,-7.45,-4.56,-3.7,0.68,0.7,221738.17,Normal
2016-07-01,216155,436205,444860,632229,187.7,-5.34,-5.22,-4.56,-3.2,0.69,0.69,220722.17,Normal
2016-08-01,217584,438052,445299,633175,186.6,-2.14,-2.65,-3.38,-2.76,0.69,0.69,220326.25,Normal
2016-09-01,217396,439291,448180,631613,186.9,-0.16,-0.75,-2.21,-1.16,0.7,0.69,220297.25,Normal
2016-10-01,233461,455707,446639,631986,186.7,3.07,1.05,-1.76,-0.43,0.72,0.69,220875.92,Normal
2016-11-01,216353,437831,445828,634697,186.3,-3.55,-1.76,-1.45,0.32,0.69,0.69,220212.08,Normal
2016-12-01,219525,450002,457649,635625,188.2,0.9,3.23,3.19,2.56,0.71,0.7,220375.0,Normal
2017-01-01,219277,449458,458063,637085,190.7,-4.24,1.29,3.29,4.44,0.71,0.7,219566.25,Normal
2017-02-01,221514,452304,457212,638228,191.6,2.18,5.17,3.69,5.68,0.71,0.7,219959.75,Normal
2017-03-01,222944,452339,457680,637963,191.5,2.09,3.77,3.4,5.16,0.71,0.7,220339.42,Normal
2017-04-01,224150,453101,456123,638966,193.0,-2.47,0.96,2.17,5.35,0.71,0.7,219865.5,Normal
2017-05-01,222292,449830,459082,638581,192.8,-0.37,1.62,3.18,4.05,0.7,0.7,219796.75,Normal
2017-06-01,236980,464569,457036,638360,193.6,14.53,8.4,2.36,3.2,0.73,0.71,222302.58,Normal
2017-07-01,217739,446456,457115,641917,193.5,0.73,2.35,2.75,3.09,0.7,0.71,222434.58,Normal
2017-08-01,221312,451655,461432,645043,193.8,1.71,3.11,3.62,3.86,0.7,0.71,222745.25,Normal
2017-09-01,228782,461945,465606,649508,194.8,5.24,5.16,3.89,4.23,0.71,0.71,223694.08,Normal
2017-10-01,228333,463700,468916,651703,194.9,-2.2,1.75,4.99,4.39,0.71,0.71,223266.75,Normal
2017-11-01,230235,470284,477154,655435,195.9,6.42,7.41,7.03,5.15,0.72,0.71,224423.58,Normal
2017-12-01,241711,485673,481031,658658,196.3,10.11,7.93,5.11,4.3,0.74,0.71,226272.42,Normal
2018-01-01,228219,472765,483473,661180,197.9,4.08,5.19,5.55,3.78,0.72,0.71,227017.58,Normal
2018-02-01,236950,481644,485074,664777,199.3,6.97,6.49,6.09,4.02,0.72,0.71,228303.92,Normal
2018-03-01,244343,489613,487068,664252,199.3,9.6,8.24,6.42,4.07,0.74,0.72,230087.17,Normal
2018-04-01,243872,488803,489728,666820,200.3,8.8,7.88,7.37,3.78,0.73,0.72,231730.67,Normal
2018-05-01,243168,492104,493641,668289,203.2,9.39,9.4,7.53,5.39,0.74,0.72,233470.33,Normal
2018-06-01,243778,493717,496052,668729,204.2,2.87,6.27,8.54,5.48,0.74,0.72,234036.83,Normal
2018-07-01,235786,486008,495149,676418,204.3,8.29,8.86,8.32,5.58,0.72,0.72,235540.75,Normal
2018-08-01,245657,497373,499103,677092,203.4,11.0,10.12,8.16,4.95,0.73,0.73,237569.5,Normal
2018-09-01,247957,500038,500424,681859,203.6,8.38,8.25,7.48,4.52,0.73,0.73,239167.42,Normal
2018-10-01,238903,490964,500330,683367,204.6,4.63,5.88,6.7,4.98,0.72,0.73,240048.25,Normal
2018-11-01,235930,483061,496441,683686,202.3,2.47,2.72,4.04,3.27,0.71,0.73,240522.83,Normal
2018-12-01,243401,487514,492896,683417,201.0,0.7,0.38,2.47,2.39,0.71,0.73,240663.67,Normal
2019-01-01,236180,479440,490566,688842,199.1,3.49,1.41,1.47,0.61,0.7,0.72,241327.08,Normal
2019-02-01,231710,477752,493776,692318,199.2,-2.21,-0.81,1.79,-0.05,0.69,0.72,240890.42,Normal
2019-03-01,240465,486807,492876,694750,200.8,-1.59,-0.57,1.19,0.75,0.7,0.72,240567.25,Normal
2019-04-01,232744,479871,491734,697429,202.1,-4.56,-1.83,0.41,0.9,0.69,0.71,239639.92,Normal
2019-05-01,224565,470587,490845,699151,201.7,-7.65,-4.37,-0.57,-0.74,0.67,0.71,238089.67,Normal
2019-06-01,224890,465014,485229,701006,200.3,-7.75,-5.81,-2.18,-1.91,0.66,0.7,236515.67,Normal
2019-07-01,228956,470462,482001,705299,200.7,-2.9,-3.2,-2.66,-1.76,0.67,0.7,235946.5,Normal
2019-08-01,230355,470882,480821,707284,199.2,-6.23,-5.33,-3.66,-2.06,0.67,0.69,234671.33,Normal
2019-09-01,226791,465927,477624,709778,198.4,-8.54,-6.82,-4.56,-2.55,0.66,0.69,232907.5,Normal
2019-10-01,226218,461979,472351,711231,198.6,-5.31,-5.9,-5.59,-2.93,0.65,0.68,231850.42,Normal
2019-11-01,218719,455529,471742,714554,199.0,-7.29,-5.7,-4.98,-1.63,0.64,0.68,230416.17,Normal
2019-12-01,222265,460568,471880,717140,199.0,-8.68,-5.53,-4.26,-1.0,0.64,0.67,228654.83,Normal
2020-01-01,233656,466813,465602,716138,199.3,-1.07,-2.63,-5.09,0.1,0.65,0.67,228444.5,Normal
2020-02-01,240355,467618,462497,713511,196.7,3.73,-2.12,-6.33,-1.26,0.66,0.66,229164.92,COVID-19
2020-03-01,204710,421299,438093,705996,193.1,-14.87,-13.46,-11.11,-3.83,0.6,0.65,226185.33,COVID-19
2020-04-01,165166,362308,375078,704034,185.5,-29.04,-24.5,-23.72,-8.21,0.51,0.64,220553.83,COVID-19
2020-05-01,184417,383361,384141,703478,188.6,-17.88,-18.54,-21.74,-6.49,0.54,0.63,217208.17,COVID-19
2020-06-01,202777,412500,424374,705621,191.2,-9.83,-11.29,-12.54,-4.54,0.58,0.62,215365.42,COVID-19
2020-07-01,223750,438761,444447,704169,193.0,-2.27,-6.74,-7.79,-3.84,0.62,0.62,214931.58,COVID-19
2020-08-01,226872,443826,447714,705783,194.3,-1.51,-5.75,-6.89,-2.46,0.63,0.62,214641.33,COVID-19
2020-09-01,230481,449930,452115,704927,195.5,1.63,-3.43,-5.34,-1.46,0.64,0.61,214948.83,COVID-19
2020-10-01,236338,458301,458184,706337,196.5,4.47,-0.8,-3.0,-1.06,0.65,0.61,215792.17,COVID-19
2020-11-01,237115,463573,462999,712952,198.3,8.41,1.77,-1.85,-0.35,0.65,0.61,217325.17,Normal
2020-12-01,241814,475848,476164,715771,200.5,8.8,3.32,0.91,0.75,0.66,0.62,218954.25,Normal
2021-01-01,249937,492597,490748,720900,204.8,6.97,5.52,5.4,2.76,0.68,0.62,220311.0,Supply Chain Crunch
2021-02-01,251426,496279,485557,731902,210.6,4.61,6.13,4.99,7.07,0.68,0.62,221233.58,Supply Chain Crunch
2021-03-01,253805,501773,492369,738152,215.0,23.98,19.1,12.39,11.34,0.68,0.63,225324.83,Supply Chain Crunch
2021-04-01,252613,505746,499624,743834,217.9,52.94,39.59,33.21,17.47,0.68,0.64,232612.08,Supply Chain Crunch
2021-05-01,253009,512022,504428,755571,224.9,37.19,33.56,31.31,19.25,0.68,0.65,238328.08,Supply Chain Crunch
2021-06-01,258284,522925,513396,766617,228.9,27.37,26.77,20.98,19.72,0.68,0.66,242953.67,Supply Chain Crunch
2021-07-01,259416,528954,525686,777012,231.85,15.94,20.56,18.28,20.13,0.68,0.67,245925.83,Supply Chain Crunch
2021-08-01,264287,534721,524641,787704,233.42,16.49,20.48,17.18,20.13,0.68,0.67,249043.75,Supply Chain Crunch
2021-09-01,259192,533538,531014,800359,235.68,12.46,18.58,17.45,20.55,0.67,0.67,251436.33,Supply Chain Crunch
2021-10-01,263534,546544,544228,810937,240.46,11.51,19.25,18.78,22.37,0.67,0.67,253702.67,Supply Chain Crunch
2021-11-01,268650,554883,550118,823658,243.29,13.3,19.7,18.82,22.69,0.67,0.68,256330.58,Supply Chain Crunch
2021-12-01,277487,566241,557399,832745,241.34,14.75,19.0,17.06,20.37,0.68,0.68,259303.33,Supply Chain Crunch
2022-01-01,280925,571817,563077,842941,246.45,12.4,16.08,14.74,20.34,0.68,0.68,261885.67,Supply Chain Crunch
2022-02-01,277036,571624,567330,854638,252.66,10.19,15.18,16.84,19.97,0.67,0.68,264019.83,Supply Chain Crunch
2022-03-01,277554,583312,582065,871356,260.01,9.36,16.25,18.22,20.94,0.67,0.68,265998.92,Supply Chain Crunch
2022-04-01,279157,586866,586202,880022,265.31,10.51,16.04,17.33,21.76,0.67,0.67,268210.92,Supply Chain Crunch
2022-05-01,278740,593328,594219,895915,273.25,10.17,15.88,17.8,21.5,0.66,0.67,270355.17,Supply Chain Crunch
2022-06-01,284763,602502,598859,905322,280.25,10.25,15.22,16.65,22.43,0.67,0.67,272561.75,Supply Chain Crunch
2022-07-01,284460,595337,592745,911470,272.27,9.65,12.55,12.76,17.44,0.65,0.67,274648.75,Normal
2022-08-01,282368,588812,590067,914837,269.55,6.84,10.12,12.47,15.48,0.64,0.67,276155.5,Normal
2022-09-01,282430,591853,594418,921451,267.9,8.97,10.93,11.94,13.67,0.64,0.66,278092.0,Normal
2022-10-01,287071,599595,598544,930418,265.06,8.93,9.71,9.98,10.23,0.64,0.66,280053.42,Normal
2022-11-01,279095,584264,592408,934189,263.16,3.89,5.29,7.69,8.17,0.63,0.66,280923.83,Normal
2022-12-01,293358,593382,587940,939060,257.9,5.72,4.79,5.48,6.86,0.63,0.65,282246.42,Normal
2023-01-01,288874,593201,594760,941094,260.23,2.83,3.74,5.63,5.59,0.63,0.65,282908.83,Normal
2023-02-01,280693,582578,587856,939381,258.67,1.32,1.92,3.62,2.38,0.62,0.65,283213.58,Normal
2023-03-01,289270,584931,583439,931185,257.06,4.22,0.28,0.24,-1.14,0.63,0.64,284189.92,Normal
2023-04-01,290168,583953,579771,934978,256.91,3.94,-0.5,-1.1,-3.17,0.62,0.64,285107.5,Normal
2023-05-01,289707,581399,581957,932159,253.67,3.93,-2.01,-2.06,-7.17,0.62,0.64,286021.42,Normal
2023-06-01,303971,596374,583700,931027,253.86,6.75,-1.02,-2.53,-9.42,0.64,0.63,287622.08,Normal
2023-07-01,293278,586852,585630,931694,253.84,3.1,-1.43,-1.2,-6.77,0.63,0.63,288356.92,Normal
2023-08-01,289128,589655,593496,934176,257.68,2.39,0.14,0.58,-4.4,0.63,0.63,288920.25,Normal
2023-09-01,298229,603929,597455,935124,258.93,5.59,2.04,0.51,-3.35,0.65,0.63,290236.83,Normal
2023-10-01,285976,584930,588017,934863,255.19,-0.38,-2.45,-1.76,-3.72,0.63,0.63,290145.58,Normal
2023-11-01,298570,595096,587708,934300,252.86,6.98,1.85,-0.79,-3.91,0.64,0.63,291768.5,Normal
2023-12-01,304324,603429,590118,933564,249.87,3.74,1.69,0.37,-3.11,0.65,0.63,292682.33,Normal
2024-01-01,280614,575836,584255,932239,251.31,-2.86,-2.93,-1.77,-3.43,0.62,0.63,291994.0,Normal
2024-02-01,282623,580113,587042,933569,254.93,0.69,-0.42,-0.14,-1.45,0.62,0.63,292154.83,Normal
2024-03-01,287423,588450,590400,934012,255.1,-0.64,0.6,1.19,-0.77,0.63,0.63,292000.92,Normal
2024-04-01,286972,589369,595413,935587,256.98,-1.1,0.93,2.7,0.03,0.63,0.63,291734.58,Normal
2024-05-01,286829,585723,590334,936426,255.31,-0.99,0.74,1.44,0.65,0.63,0.63,291494.75,Normal
2024-06-01,281128,579092,591770,935183,255.91,-7.51,-2.9,1.38,0.81,0.62,0.63,289591.17,Normal
2024-07-01,293234,593865,597331,934978,257.32,-0.02,1.2,2.0,1.37,0.64,0.63,289587.5,Normal
2024-08-01,289926,589396,593766,935844,255.46,0.28,-0.04,0.05,-0.86,0.63,0.63,289654.0,Normal
2024-09-01,292469,591606,592881,934025,252.68,-1.93,-2.04,-0.77,-2.41,0.63,0.63,289174.0,Normal
2024-10-01,293266,591738,590720,934085,253.08,2.55,1.16,0.46,-0.83,0.63,0.63,289781.5,Normal
2024-11-01,288340,589991,593730,938291,253.21,-3.43,-0.86,1.02,0.14,0.63,0.63,288929.0,Normal
2024-12-01,290559,592319,596142,941027,253.42,-4.52,-1.84,1.02,1.42,0.63,0.63,287781.92,Normal
2025-01-01,291195,594107,598328,941981,257.36,3.77,3.17,2.41,2.41,0.63,0.63,288663.67,Normal
2025-02-01,293985,597337,602132,943013,259.5,4.02,2.97,2.57,1.79,0.63,0.63,289610.5,Normal
2025-03-01,316215,617418,600663,944064,258.52,10.02,4.92,1.74,1.34,0.65,0.63,292009.83,Normal
2025-04-01,295229,593537,598633,943249,258.39,2.88,0.71,0.54,0.55,0.63,0.63,292697.92,Normal
2025-05-01,344069,642533,599560,944036,258.68,19.96,9.7,1.56,1.32,0.68,0.64,297467.92,Normal
2025-06-01,311761,611471,602992,946202,260.49,10.9,5.59,1.9,1.79,0.65,0.64,300020.67,Normal
2025-07-01,303032,603586,608530,948226,262.36,3.34,1.64,1.87,1.96,0.64,0.64,300837.17,Normal
2025-08-01,312138,611464,606847,947640,262.11,7.66,3.74,2.2,2.6,0.65,0.64,302688.17,Normal
2025-09-01,314147,612874,606522,946694,262.05,7.41,3.59,2.3,3.71,0.65,0.64,304494.67,Normal
2025-10-01,307570,605401,607176,947012,260.6,4.88,2.31,2.79,2.97,0.64,0.64,305686.67,Normal
2025-11-01,324305,621859,606008,948592,261.47,12.47,5.4,2.07,3.26,0.66,0.64,308683.75,Normal
2025-12-01,319898,617527,609157,949572,260.82,10.1,4.26,2.18,2.92,0.65,0.65,311128.67,Normal
