date,durable_goods_orders,total_mfg_orders,total_mfg_shipments,total_mfg_inventories,dgo_mom,orders_mom,shipments_mom,inventories_mom,dgo_yoy,orders_yoy,shipments_yoy,dgo_3m_avg,dgo_12m_avg
1992-02-01,114535,223500,228860,376757,,,,,,,,,
1992-03-01,120025,233732,238604,377688,4.793294626096833,4.578076062639824,4.257624748754707,0.24710887919798807,,,,,
1992-04-01,124470,238173,239877,377491,3.7033951260154074,1.9000393613197941,0.5335199745184482,-0.05215945436445324,,,,119676.66666666667,
1992-05-01,125822,241916,243732,377450,1.086205511368199,1.5715467328370591,1.6070736252329354,-0.010861186094501818,,,,123439.0,
1992-06-01,122834,240660,245693,377055,-2.3747834242024424,-0.5191884786454826,0.8045722350778828,-0.10464962246655718,,,,124375.33333333333,
1992-07-01,122590,238609,245608,377301,-0.19864206978523757,-0.8522396742292049,-0.03459602023663244,0.06524247125749838,,,,123748.66666666667,
1992-08-01,120411,235633,242874,379317,-1.7774696141610202,-1.2472287298467388,-1.1131559232598232,0.5343214038658894,,,,121945.0,
1992-09-01,120711,239052,244894,379343,0.2491466726461944,1.4509852185389915,0.8317069756334616,0.0068544251905500175,,,,121237.33333333333,
1992-10-01,127392,242803,243190,379138,5.534706861843586,1.5691146696116265,-0.6958112489485302,-0.05404080212366713,,,,122838.0,
1992-11-01,122374,240286,246901,377990,-3.939022858578245,-1.036642875088034,1.5259673506311966,-0.30279212318470305,,,,123492.33333333333,
1992-12-01,126080,244173,248199,378609,3.0284210698350966,1.6176556270444342,0.5257167852702027,0.16376094605676794,,,,125282.0,
1993-01-01,121637,239924,247812,376454,-3.5239530456852797,-1.7401596409103437,-0.1559232712460612,-0.5691887937159468,,,,123363.66666666667,122406.75
1993-02-01,128854,247176,249517,376070,5.9332275541159385,3.0226238308797893,0.6880215647345533,-0.10200449457303806,12.501855328065648,10.593288590604022,9.02604212182121,125523.66666666667,123600.0
1993-03-01,126762,245506,250346,377886,-1.6235429245502697,-0.675631938375898,0.3322418913340508,0.48288882388916043,5.6129972922307925,5.03739325381205,4.921124541080624,125751.0,124161.41666666667
1993-04-01,127395,244703,248681,378720,0.49936100724192745,-0.327079582576395,-0.665079529930579,0.2207014813991437,2.349963846710046,2.741704559290925,3.6702143181714053,127670.33333333333,124405.16666666667
1993-05-01,126529,245194,251798,378707,-0.6797755013933093,0.20065140190352881,1.2534130070250615,-0.003432615124632221,0.561904913290201,1.3550157906049964,3.3093725895655846,126895.33333333333,124464.08333333333
1993-06-01,130212,249521,253388,379336,2.910795153680179,1.7647250748386911,0.631458550107622,0.16609146384936047,6.006480290473326,3.6819579489736576,3.1319573614225993,128045.33333333333,125078.91666666667
1993-07-01,128111,245765,248759,378300,-1.6135225632046168,-1.5052841243823112,-1.8268426286959127,-0.27310880064111975,4.503629986132629,2.999048652816949,1.2829386664929388,128284.0,125539.0
1993-08-01,129378,246562,249283,378664,0.9889861136046063,0.3242935324395235,0.21064564498169958,0.09621993127146844,7.446994045394528,4.638144911790798,2.6388168350667485,129233.66666666667,126286.25
1993-09-01,127233,245731,252679,379925,-1.6579325696795433,-0.33703490399979996,1.36230709675349,0.3330129085416189,5.402987300246043,2.7939527801482456,3.178926392643344,128240.66666666667,126829.75
1993-10-01,133168,251656,256449,379690,4.664670329238474,2.411173193451366,1.492011603655241,-0.06185431335131719,4.5340366742024685,3.646165821674363,5.452115629754517,129926.33333333333,127311.08333333333
1993-11-01,130391,247827,255017,379820,-2.085335816412348,-1.5215214419683987,-0.558395626420849,0.034238457689172996,6.551228202069059,3.1383434740267946,3.287147480164121,130264.0,127979.16666666667
1993-12-01,133565,250057,256087,379806,2.43421708553504,0.8998212462725919,0.4195798711458476,-0.003685956505716792,5.936706852791884,2.4097668456381394,3.178094996353731,132374.66666666666,128602.91666666667
1994-01-01,138498,257125,259834,380801,3.693332834200569,2.826555545335663,1.4631746242487864,0.26197585082909924,13.861736149362457,7.169353628649078,4.851258211870291,134151.33333333334,130008.0
1994-02-01,137141,256624,261152,381749,-0.979797542202776,-0.19484686436558318,0.5072469345813069,0.24894892607949526,6.431309854564082,3.8223775771110358,4.663008933259061,136401.33333333334,130698.58333333333
1994-03-01,136548,257190,261862,382683,-0.43240168877286544,0.22055614439802085,0.27187231956868896,0.24466337829307516,7.719979173569369,4.759150489193753,4.600033553561866,137395.66666666666,131514.08333333334
1994-04-01,140336,260006,263499,383704,2.774116061751175,1.0949103775419022,0.6251384316930286,0.2668004588654238,10.158169472899248,6.253703469103367,5.958637772889763,138008.33333333334,132592.5
1994-05-01,142630,263419,266632,385942,1.6346482727169098,1.312662015491961,1.1889988197298695,0.5832620978670988,12.725146013957268,7.432889874956161,5.891230271884607,139838.0,133934.25
1994-06-01,145063,267027,268116,387435,1.7058122414639332,1.3696810025093153,0.5565723544060708,0.38684569183971007,11.405246828249327,7.0158423539501635,5.812429949326714,142676.33333333334,135171.83333333334
1994-07-01,145013,267694,271246,391062,-0.03446778296326558,0.2497874746748563,1.1674051529934726,0.936157032792595,13.193246481566767,8.922751408866203,9.039672936456578,144235.33333333334,136580.33333333334
1994-08-01,145884,269994,273778,392407,0.6006358050657523,0.859189970638119,0.9334699866541785,0.34393523277638227,12.757965032694884,9.50349202229055,9.826181488509045,145320.0,137955.83333333334
1994-09-01,145487,270377,272898,392820,-0.27213402429326905,0.1418550041852873,-0.3214283105289706,0.10524786764762872,14.346906855925745,10.029666586633358,8.001852152335577,145461.33333333334,139477.0
1994-10-01,149547,275087,276184,394981,2.7906273412744875,1.7420120794298333,1.2041128919962674,0.5501247390662378,12.299501381713318,9.31072575261469,7.69548721188229,146972.66666666666,140841.91666666666
1994-11-01,150038,276477,279548,397511,0.3283248744541778,0.5052946885894194,1.2180285606697039,0.6405371397611548,15.067757744016074,11.560483724533643,9.619358709419368,148357.33333333334,142479.16666666666
1994-12-01,152489,282738,286731,399934,1.6335861581732614,2.2645645026530214,2.5695050581653334,0.6095428805743763,14.168382435518279,13.06942017220074,11.966245846138236,150691.33333333334,144056.16666666666
1995-01-01,150459,279692,286480,403311,-1.3312435651096188,-1.077322468150721,-0.08753849426814675,0.8443893242384926,8.636225793874285,8.776665046183773,10.255008967263723,150995.33333333334,145052.91666666666
1995-02-01,153856,284915,288455,406325,2.257757927408788,1.8674112952819621,0.68940240156381,0.747314107475372,12.188185881683822,11.024300143400456,10.454830903075596,152268.0,146445.83333333334
1995-03-01,152888,282195,284903,409908,-0.6291597337770405,-0.9546706912587966,-1.2313879114593251,0.8818064357349442,11.966487974924567,9.722384229557912,8.798909349199203,152401.0,147807.5
1995-04-01,151401,283370,289640,412519,-0.9726073988802209,0.4163787451939349,1.6626711547439,0.6369721986396959,7.88464827271691,8.985946478158201,9.920720761748614,152715.0,148729.58333333334
1995-05-01,152838,282955,285641,416185,0.9491350783680463,-0.14645163567067465,-1.3806794641624043,0.8886863392958855,7.15697959756012,7.41632152578211,7.129301809235211,152375.66666666666,149580.25
1995-06-01,150051,281900,288557,417940,-1.8234993915125841,-0.3728508066653702,1.0208618510648027,0.42168747071615886,3.4385060284152447,5.569848741887529,7.623938892121318,151430.0,149995.91666666666
1995-07-01,148915,281269,287862,419612,-0.7570759275179806,-0.2238382405108208,-0.2408536268397543,0.4000574245107025,2.6907932392268297,5.071088631048881,6.125804620160302,150601.33333333334,150321.08333333334
1995-08-01,154372,285979,289737,420051,3.664506597723527,1.6745535412718837,0.6513537736832165,0.10462045890011762,5.818321406048632,5.9205019370800915,5.829175463331615,151112.66666666666,151028.41666666666
1995-09-01,160175,293326,295286,422786,3.759101391444042,2.569069756870257,1.9151851506711282,0.6511114126617867,10.095747386364406,8.487778176398141,8.203797755938114,154487.33333333334,152252.41666666666
1995-10-01,155473,287568,292655,423789,-2.9355392539409997,-1.9630036205450563,-0.8910005892592276,0.23723585927633017,3.9626338208055056,4.5371100779026285,5.96377777134085,156673.33333333334,152746.25
1995-11-01,156146,287704,291561,423419,0.43287258880964075,0.04729316196516731,-0.373819001896436,-0.08730759882866757,4.070968687932397,4.060735612727284,4.297294203499935,157264.66666666666,153255.25
1995-12-01,163279,297684,300609,424802,4.56816056767384,3.468842977504649,3.1032957082737456,0.32662681646311587,7.075920230311694,5.286165991129588,4.840076587463504,158299.33333333334,154154.41666666666
1996-01-01,155806,285822,286897,427759,-4.576828618499629,-3.9847623654613584,-4.561407010435481,0.6960890014642063,3.553792062954031,2.191696580524294,0.14555989946942738,158410.33333333334,154600.0
1996-02-01,150773,277940,282115,427813,-3.2302992182586032,-2.7576603620435125,-1.666800280239944,0.012623930764754654,-2.003821755407653,-2.448098555709599,-2.197916486107021,156619.33333333334,154343.08333333334
1996-03-01,164976,298862,294562,428326,9.420121639816138,7.527523926027202,4.412030554915547,0.11991220463145602,7.906441316519275,5.90619961374228,3.390276690663141,157185.0,155350.41666666666
1996-04-01,156830,290320,295365,427475,-4.937687906119681,-2.8581753451425773,0.2726081436166261,-0.19868044433445364,3.5858415730411375,2.4526237780992943,1.9765916309901987,157526.33333333334,155802.83333333334
1996-05-01,164502,298700,299775,426778,4.8919211885481095,2.886470101956462,1.4930678990401791,-0.16305047078776225,7.631609939936412,5.564489053029642,4.948169205401176,162102.66666666666,156774.83333333334
1996-06-01,164599,299606,303281,426637,0.05896584843954056,0.3033143622363621,1.1695438245350687,-0.03303825408057515,9.695370240784795,6.280950691734666,5.102631369192223,161977.0,157987.16666666666
1996-07-01,163588,298909,300234,426960,-0.614220013487321,-0.23263886571029957,-1.0046788292045972,0.07570838909893851,9.853272000805834,6.271576320177474,4.29789274027137,164229.66666666666,159209.91666666666
1996-08-01,157310,293231,301541,427462,-3.8376898060982434,-1.8995747869753,0.43532711151967884,0.11757541690087248,1.9031948799004939,2.5358505344798,4.074039560014775,161832.33333333334,159454.75
1996-09-01,165442,302015,305155,429060,5.169410717691192,2.9955905071428424,1.1985103186631374,0.3738343993150206,3.288278445450299,2.9622331467377583,3.342183510223995,162113.33333333334,159893.66666666666
1996-10-01,165266,301595,301294,429727,-0.10638169267779274,-0.1390659404334249,-1.2652586390522802,0.15545611336409415,6.298842885903011,4.87780281533412,2.9519399976080996,162672.66666666666,160709.75
1996-11-01,170783,309537,308575,430595,3.3382546924352274,2.633332780715869,2.4165765000298656,0.20198870445655714,9.373919280673215,7.588702277340609,5.835485541619079,167163.66666666666,161929.5
1996-12-01,162332,300179,307211,430366,-4.9483847923973645,-3.0232250102572578,-0.4420319209268442,-0.05318222459619326,-0.5799888534349207,0.8381370849625869,2.19620836368839,166127.0,161850.58333333334
1997-01-01,161827,300765,307245,431496,-0.311090850848883,0.19521685394381372,0.011067312042856159,0.2625672102350096,3.864421139108898,5.228079014211651,7.092440841138115,164980.66666666666,162352.33333333334
1997-02-01,170221,310604,314468,431959,5.187020707298529,3.271324788456109,2.3508926101319716,0.10730111055490266,12.898861201939349,11.752176728790387,11.468018361306553,164793.33333333334,163973.0
1997-03-01,167568,307465,315502,431905,-1.558562104558192,-1.0106115825939121,0.3288092906114537,-0.012501186455193825,1.5711376200174598,2.87858610328513,7.1088599344110825,166538.66666666666,164189.0
1997-04-01,174054,313694,318065,434015,3.870667430535657,2.025921649618656,0.8123561815772895,0.48853335803011877,10.982592616208642,8.05111600992008,7.685406192338284,170614.33333333334,165624.33333333334
1997-05-01,168586,308733,315083,435337,-3.14155377066887,-1.5814774908031404,-0.9375442126609346,0.30459776735827226,2.4826445879077452,3.3588885169065996,5.106496539070959,170069.33333333334,165964.66666666666
1997-06-01,174828,315090,320189,435773,3.7025613040228667,2.059060741806018,1.6205253853746493,0.10015229580762064,6.214497050407353,5.168120798648901,5.575027779517994,172489.33333333334,166817.08333333334
1997-07-01,178860,318485,322797,436687,2.3062667307296225,1.077469929226571,0.8145189247600548,0.20974222817842225,9.335648091547055,6.549150410325555,7.51513819221008,174091.33333333334,168089.75
1997-08-01,177302,319106,323033,438432,-0.8710723470871096,0.19498563511626266,0.07311096447613075,0.39959971329579513,12.708664420570837,8.824101135282426,7.1273889786131805,176996.66666666666,169755.75
1997-09-01,177835,318687,323085,439531,0.3006170263166741,-0.13130433147605647,0.016097426578709495,0.2506660097802982,7.490842712249601,5.520255616442893,5.875702511838243,177999.0,170788.5
1997-10-01,177801,319565,322444,442038,-0.019118846121402022,0.2755054332307161,-0.19839980190970996,0.5703807012474638,7.58474217322378,5.958321590212035,7.019721600828421,177646.0,171833.08333333334
1997-11-01,191187,334896,328845,441805,7.528641571194772,4.797459045890506,1.9851509099254372,-0.052710400463307217,11.947324967941775,8.192558563273543,6.568905452483187,182274.33333333334,173533.41666666666
1997-12-01,173770,315121,325351,443227,-9.109929022370766,-5.904818212221108,-1.0625066520701276,0.3218614547141785,7.046053766355365,4.977696641004203,5.90473648404517,180919.33333333334,174486.58333333334
1998-01-01,174288,315893,321264,445182,0.29809518328824947,0.24498525963043694,-1.2561817852104307,0.44108323725766674,7.700198359977017,5.029840573204991,4.562808182395162,179748.33333333334,175525.0
1998-02-01,181270,322715,329617,447466,4.006013035894607,2.159592013751488,2.6000423327855016,0.51304859585517,6.490973499156971,3.8991770872236042,4.8173423050994035,176442.66666666666,176445.75
1998-03-01,176886,317454,328480,448486,-2.4184917526341887,-1.6302310087848437,-0.3449458007323658,0.22795028002127182,5.560727585219127,3.2488250695201115,4.113444605739436,177481.33333333334,177222.25
1998-04-01,180915,320388,324127,449663,2.2777382042671546,0.9242283921450101,-1.3251948368241617,0.2624385153605635,3.941880106173956,2.1339266928918077,1.9058997374750364,179690.33333333334,177794.0
1998-05-01,180634,320787,326081,450268,-0.15532155984854246,0.1245364994943543,0.6028501173922507,0.134545203852654,7.146500895685293,3.9043445307110014,3.4905088500490455,179478.33333333334,178798.0
1998-06-01,172189,311219,318990,451186,-4.675199574830868,-2.9826645094720217,-2.174613056265162,0.20387857897963269,-1.5094836067449102,-1.2285378780665823,-0.3744663308233531,177912.66666666666,178578.08333333334
1998-07-01,170459,308769,316408,451307,-1.004709940820847,-0.7872270009221749,-0.809429762688485,0.026818208011780698,-4.696969696969699,-3.050693125264925,-1.9792625086354598,174427.33333333334,177878.0
1998-08-01,179033,318026,323533,451138,5.029948550677865,2.9980341290738455,2.2518393972339457,-0.0374467934244338,0.9763003237414081,-0.33844553220560014,0.1547829478721896,173893.66666666666,178022.25
1998-09-01,181422,319546,325676,450938,1.3343908664882997,0.47794834384609075,0.6623744718467606,-0.04433233290035421,2.017038265808191,0.2695434705526134,0.8019561415726573,176971.33333333334,178321.16666666666
1998-10-01,178527,315959,327376,451993,-1.5957270893276476,-1.1225300895645662,0.5219911814195788,0.23395677454549624,0.40832166298276906,-1.1284089308904344,1.5295679249730076,179660.66666666666,178381.66666666666
1998-11-01,182400,319291,328263,451956,2.169419751634205,1.0545672065046308,0.2709422804359596,-0.008185967481799672,-4.596023788228276,-4.659655534852614,-0.17698307713360784,180783.0,177649.41666666666
1998-12-01,178424,315467,327621,448373,-2.1798245614035094,-1.1976535511492692,-0.19557488964641045,-0.7927762879572309,2.678252862979802,0.10979909304680291,0.6977080138066194,179783.66666666666,178037.25
1999-01-01,186527,324278,329778,446610,4.5414294041160375,2.7930021206655553,0.6583827044053914,-0.3931994120966231,7.022284953639946,2.6543798058203283,2.6501568803227293,182450.33333333334,179057.16666666666
1999-02-01,185546,324617,332449,446919,-0.5259292220429201,0.10453993178691778,0.8099388073188551,0.06918788204473003,2.358912120041934,0.5893745255101335,0.8591789865207256,183499.0,179413.5
1999-03-01,184689,322604,328330,448820,-0.4618800728660277,-0.6201153975300078,-1.2389870325974828,0.42535672012153913,4.411315762694623,1.622282283417431,-0.045664880662443785,185587.33333333334,180063.75
1999-04-01,182993,321414,330637,448517,-0.9183004943445483,-0.36887329357354615,0.7026467273779424,-0.06751036050086645,1.1486056988088356,0.32023671298551104,2.008471987831939,184409.33333333334,180236.91666666666
1999-05-01,185963,325581,334737,450139,1.6230129021328699,1.2964587727976928,1.2400306075847523,0.3616362367535597,2.950164420873147,1.4944495880444109,2.65455515654085,184548.33333333334,180681.0
1999-06-01,182590,323793,333629,449738,-1.813801670224724,-0.549172095423256,-0.33100613317320615,-0.08908359417868494,6.040455545940793,4.040241759018559,4.589172074359693,183848.66666666666,181547.75
1999-07-01,189083,330548,334383,451770,3.556054548441856,2.0862093992149333,0.2259995384094271,0.4518186143932734,10.925794472571116,7.053493064394423,5.680956233723555,185878.66666666666,183099.75
1999-08-01,189414,332510,339874,452018,0.17505539895177336,0.5935597855682095,1.6421289359805913,0.05489519003032406,5.798372367105498,4.554344613333505,5.05079852750725,187029.0,183964.83333333334
1999-09-01,188910,333492,338283,454847,-0.26608381640216283,0.2953294637755288,-0.4681146542542258,0.625860032122616,4.127393590633988,4.364316874565799,3.8710251906802995,189135.66666666666,184588.83333333334
1999-10-01,194547,341407,343993,455920,2.9839606161664367,2.373370275748754,1.6879358407014156,0.23590350161701856,8.973432590028407,8.054209565165094,5.07581496505547,190957.0,185923.83333333334
1999-11-01,186597,334281,342887,459768,-4.08641613594658,-2.087244842665792,-0.32151817042788133,0.8440077206527397,2.300986842105268,4.69477686499149,4.454964464469047,190018.0,186273.58333333334
1999-12-01,196344,344248,344275,463004,5.223556648820726,2.981623245114151,0.40479808216700164,0.7038332376329004,10.043491906918355,9.12329974292081,5.083312730258438,192496.0,187766.91666666666
2000-01-01,201360,350725,352617,463496,2.5546999144358873,1.881492412446839,2.4230629583908314,0.10626258088481944,7.952199949605143,8.155656566279546,6.92556810945546,194767.0,189003.0
2000-02-01,183911,331991,339991,466513,-8.665574096146212,-5.341506878608593,-3.580655498742258,0.6509225538084529,-0.88118310284242,2.2716000702366124,2.268618645265885,193871.66666666666,188866.75
2000-03-01,192130,344182,349386,467223,4.469009466535434,3.672087496347798,2.7633084405175534,0.15219297211439553,4.028935128784061,6.688695738428541,6.413060031066298,192467.0,189486.83333333334
2000-04-01,195044,347917,355440,469884,1.5166814136261975,1.085181677135938,1.7327540313578638,0.5695353182527452,6.58549780592701,8.245751585182969,7.501580282908438,190361.66666666666,190491.08333333334
2000-05-01,188606,340085,349201,470210,-3.30079366706999,-2.251111615701451,-1.75528921899617,0.06937882541222518,1.4212504638019485,4.45480540940657,4.321004251098626,191926.66666666666,190711.33333333334
2000-06-01,219745,374700,354776,474316,16.510079212750384,10.178337768499057,1.5965017282310257,0.8732268560855738,20.348869050879024,15.72208170034559,6.33847777021781,201131.66666666666,193807.58333333334
2000-07-01,189265,343351,351342,475759,-13.870622767298457,-8.366426474512945,-0.9679346968227809,0.3042275613725831,0.09625402600974553,3.873265002359716,5.0717291249854135,199205.33333333334,193822.75
2000-08-01,188730,340728,346480,477559,-0.2826724433994676,-0.7639412729247952,-1.3838368313495164,0.37834281642596945,-0.36111375083150987,2.471504616402509,1.9436614745464542,199246.66666666666,193765.75
2000-09-01,199947,354557,356101,477896,5.943411222381179,4.0586626282548055,2.776783652736081,0.07056719693272484,5.842464665713831,6.316493349165797,5.267187532332396,192647.33333333334,194685.5
2000-10-01,186158,339610,348744,479716,-6.8963275267945985,-4.215683232879341,-2.0659868969758577,0.3808359977903075,-4.312068548988157,-0.5263512464594999,1.3811327556084052,191611.66666666666,193986.41666666666
2000-11-01,189392,343578,346841,482228,1.737233962547946,1.1683990459644855,-0.5456724703507443,0.5236431555336818,1.4978804589570016,2.7811930681073793,1.1531495798907443,191832.33333333334,194219.33333333334
2000-12-01,188659,343858,351481,480748,-0.387027963166342,0.08149532275059101,1.3377887850628989,-0.30690876514843923,-3.9140488122886397,-0.11329041853547217,2.093094183428934,188069.66666666666,193578.91666666666
2001-01-01,177056,331600,342456,483066,-6.1502499218166085,-3.564843627311276,-2.5677063625060836,0.48216529241931205,-12.069924513309493,-5.452990234514221,-2.8815967466117587,185035.66666666666,191553.58333333334
2001-02-01,180276,335205,346340,478318,1.8186336526296865,1.0871531966224257,1.1341603008853784,-0.9828884665863513,-1.9764995024767362,0.9680985327915614,1.8674023724157385,181997.0,191250.66666666666
2001-03-01,182209,333486,339850,473309,1.0722447802258728,-0.512820512820511,-1.8738811572443281,-1.047211269490167,-5.163691250715663,-3.1076581576026663,-2.729359504960127,179847.0,190423.91666666666
2001-04-01,171850,321890,330760,470260,-5.6852295989770045,-3.4772074389929464,-2.6747094306311614,-0.6441880462868865,-11.891675724451922,-7.480807204017048,-6.943506639657892,178111.66666666666,188491.08333333334
2001-05-01,177749,329643,337868,465875,3.4326447483270295,2.4085867843052,2.1489902043777986,-0.9324628928677803,-5.75644465181383,-3.070408868371144,-3.245408804671235,177269.33333333334,187586.33333333334
2001-06-01,176350,324044,331263,460435,-0.7870649061316848,-1.6985041393264844,-1.9549054660399912,-1.1676951972095506,-19.747889599308287,-13.51908193221244,-6.627562180079827,175316.33333333334,183970.08333333334
2001-07-01,170129,318401,327673,454235,-3.527643889991494,-1.741430176148917,-1.0837310535737443,-1.34655271645292,-10.110691358676982,-7.266616377992197,-6.736740839410038,174742.66666666666,182375.41666666666
2001-08-01,170484,321838,330587,449964,0.20866518935631628,1.0794564087424297,0.8893012240862141,-0.940262199081976,-9.667779367350182,-5.544011645652835,-4.586989148002774,172321.0,180854.91666666666
2001-09-01,164123,311821,321971,444924,-3.731141925341963,-3.112435448890438,-2.6062730839385706,-1.1200896071685729,-17.916747938203624,-12.053351083182672,-9.584359493514484,168245.33333333334,177869.58333333334
2001-10-01,171530,318537,320055,439875,4.513078605679888,2.15379977615362,-0.5950846504809482,-1.1348005502063274,-7.857841188667692,-6.205058743853242,-8.226378088225172,168712.33333333334,176650.58333333334
2001-11-01,163811,310008,320020,434017,-4.500087448259782,-2.677553941928257,-0.010935620440233329,-1.3317419721511792,-13.506906310720623,-9.770707088346754,-7.732938147450852,166488.0,174518.83333333334
2001-12-01,165304,311731,322366,427353,0.9114162052609398,0.5557921085907358,0.7330791825510996,-1.5354237276420046,-12.37947831802353,-9.343100931198345,-8.283520304084712,166881.66666666666,172572.58333333334
2002-01-01,163324,308617,320227,424779,-1.197793156850413,-0.9989381870907921,-0.663531513869331,-0.6023123740795056,-7.755738297487802,-6.930940892641734,-6.491052865185598,164146.33333333334,171428.25
2002-02-01,172406,317481,320048,419978,5.560725919032117,2.872168415868215,-0.055897847464458916,-1.1302347809096003,-4.365528411990505,-5.287510627824766,-7.591384188947281,167011.33333333334,170772.41666666666
2002-03-01,167853,315160,321653,417772,-2.6408593668433844,-0.7310673709607807,0.5014872769084633,-0.52526560915096,-7.878864381013018,-5.495283160312581,-5.354421068118286,167861.0,169576.08333333334
2002-04-01,171852,319110,326961,417082,2.382441779414135,1.253331641071198,1.6502255536245514,-0.16516185862145427,0.0011638056444551736,-0.863649072664574,-1.148566936751727,170703.66666666666,169576.25
2002-05-01,171854,321471,329124,416371,0.0011637921001783624,0.7398702641722377,0.6615467899841354,-0.170470075428808,-3.316474354286103,-2.4790455128730127,-2.5879929439899585,170519.66666666666,169085.0
2002-06-01,166070,316320,328792,416818,-3.3656475845776024,-1.6023218268521933,-0.10087383478567524,0.10735617994528379,-5.829316699744824,-2.3836269148634126,-0.745932989799647,169925.33333333334,168228.33333333334
2002-07-01,174282,320937,325136,417200,4.944902751851621,1.4595978755690409,-1.1119491958441863,0.09164671391350687,2.441088820835957,0.7964799105530496,-0.7742474967421753,170735.33333333334,168574.41666666666
2002-08-01,177126,326896,329890,418613,1.6318380555651268,1.8567507018511398,1.4621573741449678,0.3386864813039292,3.895966776940951,1.5715981332222961,-0.210837086757798,172492.66666666666,169127.91666666666
2002-09-01,166838,319466,330380,420483,-5.808294660298319,-2.272894131466885,0.14853435993815722,0.44671331277337245,1.6542471195383879,2.45172711267041,2.611725900779893,172748.66666666666,169354.16666666666
2002-10-01,169134,320658,329569,420280,1.3761852815305842,0.3731226484195549,-0.24547490768206393,-0.04827781384740826,-1.3968402028799676,0.6658567136627713,2.972614081954661,171032.66666666666,169154.5
2002-11-01,170023,322463,330925,419887,0.5256187401705192,0.5629050265391733,0.4114464649284333,-0.09350908917864498,3.7921751286543737,4.017638254496658,3.407599525029692,168665.0,169672.16666666666
2002-12-01,163962,316933,324666,423028,-3.5648118195773515,-1.7149254333055253,-1.8913651129410014,0.7480584061902329,-0.8118375840875047,1.668746451267289,0.7134747460960433,167706.33333333334,169560.33333333334
2003-01-01,169994,323882,329775,421019,3.6789012088166873,2.192576979992622,1.5736171942858146,-0.47490946225782205,4.0839068354926455,4.946260251379542,2.9816349027408595,167993.0,170116.16666666666
2003-02-01,174113,330320,333300,424506,2.4230266950598267,1.9877609746759672,1.068910620877861,0.8282286547637963,0.9901047527348217,4.044021531997188,4.1406289056641565,169356.33333333334,170258.41666666666
2003-03-01,172245,330437,335969,422535,-1.072866471774081,0.03542019859530399,0.80078007800779,-0.4643043914573597,2.6165752176011248,4.847379109023997,4.450759047793751,172117.33333333334,170624.41666666666
2003-04-01,169347,321380,325729,421889,-1.6824871549246723,-2.7409158175385917,-3.047900252701885,-0.1528867431100367,-1.4576496054744759,0.7113534517877884,-0.37680334963496875,171901.66666666666,170415.66666666666
2003-05-01,171542,324549,329152,420564,1.2961552315659652,0.9860601157508198,1.0508735789567458,-0.31406365181363416,-0.18154945476974715,0.9574736134830175,0.008507431849391622,171044.66666666666,170389.66666666666
2003-06-01,173507,328625,332387,417495,1.1454920660829426,1.2558966442663522,0.9828286019832877,-0.7297343567209791,4.478232070813504,3.8900480526049552,1.0933964330032353,171465.33333333334,171009.41666666666
2003-07-01,173320,329530,335641,414352,-0.10777663149037497,0.2753898820844425,0.978979322296003,-0.7528233871064272,-0.5519789766011418,2.677472525760516,3.23095566163083,172789.66666666666,170929.25
2003-08-01,173044,330322,333478,413035,-0.15924301869374435,0.24034230570812998,-0.6444385519051576,-0.31784569641271077,-2.3045741449589596,1.048039743526985,1.0876352723635074,173290.33333333334,170589.08333333334
2003-09-01,178690,336048,339451,410461,3.2627539816462825,1.7334600783478038,1.7911226527687063,-0.6231917391988584,7.103897193684894,5.190536708131699,2.7456262485622718,175018.0,171576.75
2003-10-01,183704,342054,340292,410493,2.8059768313839717,1.7872446793315344,0.2477529893857966,0.007796112176317038,8.614471365899234,6.67252961098741,3.253643394858141,178479.33333333334,172790.91666666666
2003-11-01,181685,339229,340813,408760,-1.099050646692501,-0.8258929876569177,0.15310380496749154,-0.4221752867892947,6.8590720079048095,5.199356205208039,2.9879882148523107,181359.66666666666,173762.75
2003-12-01,181513,340507,340662,408302,-0.09466934529542836,0.37673665871726936,-0.044305821667600664,-0.11204618847244774,10.704309535136192,7.438165164246069,4.92690950084087,182300.66666666666,175225.33333333334
2004-01-01,178696,339193,340904,407705,-1.551954956394308,-0.38589515046680845,0.07103815512150558,-0.14621530141905037,5.119004200148236,4.727338969130734,3.374725191418393,180631.33333333334,175950.5
2004-02-01,181662,341261,342437,410536,1.6598021220396664,0.6096823932097761,0.44968671532161775,0.694374609092363,4.335690040376083,3.312242673770882,2.7413741374137324,180623.66666666666,176579.58333333334
2004-03-01,190869,354358,352405,412711,5.068203586881137,3.83782500783858,2.9109003991975246,0.5297951945749002,10.812505442828524,7.239201421148356,4.892118022793768,183742.33333333334,178131.58333333334
2004-04-01,184368,349488,350787,414863,-3.406000974490353,-1.3743163693214155,-0.45913082958527474,0.5214302502235313,8.86995340927208,8.74603273383534,7.692898083990074,185633.0,179383.33333333334
2004-05-01,183459,351373,353584,418489,-0.49303566779485,0.539360435837577,0.7973499588069144,0.8740234728090934,6.946986743771211,8.265007749215059,7.422710480264438,186232.0,180376.41666666666
2004-06-01,185640,354635,356098,422643,1.1888214805487962,0.9283581834688581,0.7110050228517073,0.9926186829283479,6.99280144316945,7.9147965005705645,7.1335521545668135,184489.0,181387.5
2004-07-01,186835,356710,355168,426260,0.643719026071965,0.5851086328196642,-0.261164061578556,0.8558050174733767,7.79771520886221,8.24811094589264,5.81782320991775,185311.33333333334,182513.75
2004-08-01,183728,355629,361544,429820,-1.6629646479514038,-0.30304729331950275,1.7952067753851608,0.8351710223807096,6.174152238736963,7.661312295275513,8.416147392031847,185401.0,183404.08333333334
2004-09-01,188444,361042,362733,430989,2.566837934337718,1.5220918429037056,0.3288673024583355,0.27197431482945955,5.458615479321738,7.437627957910764,6.858721877384366,186335.66666666666,184216.91666666666
2004-10-01,185187,364476,370763,434813,-1.72836492538897,0.9511358789282109,2.213749507213292,0.887261623846558,0.8072769237468913,6.555105334245459,8.954368601083784,185786.33333333334,184340.5
2004-11-01,192545,373177,372665,439997,3.9732810618456016,2.38726281017132,0.512996172757263,1.1922366626572867,5.9773784296997645,10.007399131560103,9.34588762752595,188725.33333333334,185245.5
2004-12-01,193578,373419,376171,441222,0.5364979615154919,0.06484858391593296,0.9407913273315138,0.27841098916583373,6.646906833119393,9.66558690423398,10.423528306649988,190436.66666666666,186250.91666666666
2005-01-01,194875,378937,383451,446240,0.6700141545010307,1.4776966356827126,1.935290067549067,1.1372959643898062,9.053923982629719,11.717222937973371,12.480639710886354,193666.0,187599.16666666666
2005-02-01,196475,381880,382856,451361,0.8210391276459283,0.7766462499043447,-0.1551697609342484,1.1475887414843955,8.154154418645621,11.902619988806219,11.803339008343139,194976.0,188833.58333333334
2005-03-01,186608,374642,383330,455394,-5.022012978750478,-1.8953597988897064,0.12380633972042254,0.8935198211631024,-2.232421189402156,5.724154668442649,8.775414650756952,192652.66666666666,188478.5
2005-04-01,194847,385450,391914,456990,4.41513761467891,2.8848874392086277,2.2393238202071286,0.3504657505368991,5.683741213225724,10.289909810923415,11.72420870784836,192643.33333333334,189351.75
2005-05-01,206623,395916,388713,457623,6.043716351804229,2.715267868724869,-0.8167608199758147,0.1385150659751755,12.626254367460854,12.676841988428244,9.935121498710341,196026.0,191282.08333333334
2005-06-01,210020,400506,390608,458507,1.6440570507639585,1.1593368290243378,0.4875062063784741,0.19317210891935943,13.13294548588666,12.934707516178602,9.691152435565487,203830.0,193313.75
2005-07-01,194475,386590,388894,461924,-7.40167603085421,-3.4746046251491913,-0.43880309671077145,0.7452448926624999,4.089169588139274,8.376552381486357,9.495787908820619,203706.0,193950.41666666666
2005-08-01,204839,401287,397874,461964,5.329219694048071,3.801702061615675,2.309112508807032,0.008659433153512808,11.49035530784639,12.838660514187538,10.048569468723034,203111.33333333334,195709.66666666666
2005-09-01,203997,404154,404626,463598,-0.41105453551325555,0.7144512530931735,1.6970196594901843,0.3537072152808518,8.253380314576209,11.940993014663114,11.549266264718128,201103.66666666666,197005.75
2005-10-01,209901,409487,407023,467552,2.894160208238361,1.319546509498859,0.5923989066446644,0.8528941022178715,13.345429214793691,12.349509981452833,9.779832399673104,206245.66666666666,199065.25
2005-11-01,220733,421486,408759,470206,5.160528058465652,2.930251754023927,0.4265115239187933,0.5676373964821124,14.639694616842824,12.945331571881447,9.685374263748937,211543.66666666666,201414.25
2005-12-01,221499,422981,415629,474639,0.34702559200481264,0.35469742767257895,1.6806969387829884,0.9427782716511457,14.42364318259306,13.272490151813376,10.489378500735036,217377.66666666666,203741.0
2006-01-01,209540,415824,416522,479543,-5.399121440728849,-1.6920381766556858,0.21485507507896795,1.0332062894115257,7.525336754329692,9.734335786687499,8.624570023288513,217257.33333333334,204963.08333333334
2006-02-01,219738,421074,414555,481048,4.866851197861988,1.262553387971832,-0.47224396310399097,0.3138404689464691,11.84018322941851,10.263433539331723,8.279614267505275,216925.66666666666,206901.66666666666
2006-03-01,227188,430457,417841,486076,3.390401296088985,2.228349411267372,0.7926571866218035,1.0452179408291906,21.74612020920861,14.89822283673481,9.002947851720444,218822.0,210283.33333333334
2006-04-01,214625,418625,412824,491322,-5.529781502544151,-2.7487066071640087,-1.2006959585105337,1.079255095910936,10.150528363279898,8.606823193669744,5.335354184846675,220517.0,211931.5
2006-05-01,215819,423472,422874,496672,0.5563191613279006,1.157838160644964,2.4344514853787524,1.0888989298260654,4.450617791823763,6.96006223542367,8.788231934614998,219210.66666666666,212697.83333333334
2006-06-01,221220,427440,422097,501897,2.502560015568611,0.9370159066006689,-0.18374267512308862,1.0520021261516632,5.332825445195688,6.724992884001746,8.061534837996142,217221.33333333334,213631.16666666666
2006-07-01,209494,416849,414867,506637,-5.300605731850649,-2.4777746584315974,-1.7128764241394756,0.9444168823483645,7.722843553155934,7.827155384257223,6.6786836515863035,215511.0,214882.75
2006-08-01,210473,418759,423317,511525,0.46731648639102286,0.45819949190233356,2.036797335049556,0.9647933332938674,2.7504527946338397,4.353991033848592,6.394738032643499,213729.0,215352.25
2006-09-01,234701,435776,413563,516251,11.511215215253268,4.0636738553678775,-2.304183389752834,0.9239040125116116,15.051201733358832,7.824245213458236,2.2087063115074246,218222.66666666666,217910.91666666666
2006-10-01,216952,415798,411428,519748,-7.562387889271882,-4.584465413423411,-0.5162454088010748,0.6773836757701268,3.359202671735728,1.5411966680261013,1.0822484233077745,220708.66666666666,218498.5
2006-11-01,224809,426451,416349,522206,3.621538404808433,2.5620613855766416,1.1960780501083956,0.47292149272339934,1.8465748211640376,1.1779750691600643,1.8568398493978178,225487.33333333334,218838.16666666666
2006-12-01,229243,437894,430529,523476,1.9723409649969437,2.683309454075622,3.4057965793120593,0.24319904405540882,3.496178312317433,3.5256902792323963,3.584927904453261,223668.0,219483.5
2007-01-01,222969,427905,420568,524494,-2.736833840073638,-2.281145665389339,-2.313665281548982,0.19446927843873585,6.408800229073197,2.905315710492906,0.9713772621854355,225673.66666666666,220602.58333333334
2007-02-01,220962,430410,428419,527703,-0.9001251295023049,0.5854103130367827,1.8667611420745356,0.6118277806800521,0.5570270048876447,2.217187477735494,3.3443089577981144,224391.33333333334,220704.58333333334
2007-03-01,229526,442158,435276,529461,3.8757795458042477,2.7294904858158553,1.6005359239436245,0.3331419377945455,1.029103649840657,2.718273834552587,4.172639831897773,224485.66666666666,220899.41666666666
2007-04-01,233420,446596,437473,533451,1.6965398255535336,1.0037136046390671,0.5047372241979708,0.7535965821845236,8.757134536983102,6.681636309346084,5.97082533961204,227969.33333333334,222465.66666666666
2007-05-01,228836,445891,443106,538547,-1.963842001542282,-0.15786079588711033,1.287622321834725,0.9552892393115853,6.031443014748472,5.294092643669468,4.784403864981068,230594.0,223550.41666666666
2007-06-01,228868,446539,442827,540804,0.01398381373560742,0.14532699695666285,-0.06296461794694785,0.4190906271875905,3.4571919356297,4.468229459105366,4.911193398673763,230374.66666666666,224187.75
2007-07-01,233176,450464,442320,541015,1.8823077057517956,0.8789825748702906,-0.11449166378744158,0.039015983609580474,11.30438103239233,8.064071162459307,6.617301448415991,230293.33333333334,226161.25
2007-08-01,235758,452598,443719,542345,1.1073180773321534,0.4737337500887895,0.316286851148484,0.2458342190142515,12.013417397956028,8.080781547381676,4.819556030114547,232600.66666666666,228268.33333333334
2007-09-01,226473,448633,446716,548039,-3.938360522230422,-0.8760533630285616,0.6754274664821702,1.0498852206621168,-3.5057370867614512,2.950368996915853,8.016432804675478,231802.33333333334,227582.66666666666
2007-10-01,230700,458907,453209,551124,1.8664476560119825,2.2900678282694376,1.4534961810188207,0.5629161428292617,6.336885578376794,10.367774736771217,10.155118270997598,230977.0,228728.33333333334
2007-11-01,227005,464910,464025,556989,-1.6016471608149119,1.308108178781331,2.3865368957809663,1.064188821390477,0.976829219470754,9.018386637620734,11.450970219695499,228059.33333333334,228911.33333333334
2007-12-01,244443,481274,462350,563043,7.681769124028115,3.51982104063151,-0.36097193039168474,1.0869155405223374,6.630518707223332,9.906507054218604,7.391139737392827,234049.33333333334,230178.0
2008-01-01,239389,478676,468524,568357,-2.067557671931697,-0.5398172350885355,1.335352006056012,0.9438000294826443,7.36425242970995,11.8650167677405,11.402674478324549,236945.66666666666,231546.33333333334
2008-02-01,235037,473714,466987,570114,-1.8179615604727029,-1.036609314024517,-0.3280514978955207,0.3091366869766743,6.3698735529186035,10.061104528240516,9.002401854259489,239623.0,232719.25
2008-03-01,234868,473829,462466,573237,-0.07190357262899516,0.024276251071331245,-0.9681211682552204,0.5477851798061373,2.3274051741414947,7.162824148833669,6.246611345445197,236431.33333333334,233164.41666666666
2008-04-01,231086,477888,475523,571883,-1.6102661920738504,0.856638154270839,2.8233426889760604,-0.23620247820709261,-0.9999143175391967,7.006780177162364,8.697679628228494,233663.66666666666,232969.91666666666
2008-05-01,227370,477706,475246,573696,-1.6080593372164498,-0.03808423731083144,-0.058251651339680244,0.31702288754866803,-0.6406334667622193,7.135151864469114,7.253343443780946,231108.0,232847.75
2008-06-01,229262,485010,481867,577427,0.8321238509917839,1.5289738877049874,1.3931732197640878,0.6503444332887076,0.17215163325585703,8.61537290135912,8.816083933454832,229239.33333333334,232880.58333333334
2008-07-01,220411,477725,480744,578433,-3.860648515672027,-1.5020308859611142,-0.23305185870790002,0.1742211569601082,-5.474405599204035,6.05175996306031,8.686923494302757,225681.0,231816.83333333334
2008-08-01,214106,463929,466681,580335,-2.8605650353203838,-2.887853890836778,-2.9252575175145235,0.32881941383011704,-9.18399375630944,2.503546193310613,5.1748967251796785,221259.66666666666,230012.5
2008-09-01,215245,452545,453298,572743,0.5319794867962635,-2.45382375320361,-2.8676976350012096,-1.3082099132397662,-4.957765384836166,0.8719822215485618,1.473419353683325,216587.33333333334,229076.83333333334
2008-10-01,191912,419715,433552,567064,-10.840205347394827,-7.254527174093184,-4.3560748117132615,-0.9915442004529096,-16.813177286519288,-8.540292477560818,-4.337292507430346,207087.66666666666,225844.5
2008-11-01,181552,386733,401585,560227,-5.398307557630577,-7.8581894857224555,-7.373279329815108,-1.2056840145027725,-20.022906984427657,-16.815512679873525,-13.456171542481544,196236.33333333334,222056.75
2008-12-01,173849,365490,381495,543273,-4.242861549308186,-5.492936987534036,-5.0026768928122305,-3.0262732785103164,-28.87953428815716,-24.057813220743274,-17.487833892073102,182437.66666666666,216173.91666666666
2009-01-01,151085,343559,368581,538445,-13.094121910393497,-6.000437768475198,-3.385103343425211,-0.8886876395477028,-36.88724210385607,-28.22723512354912,-21.33145794025493,168828.66666666666,208815.25
2009-02-01,148834,343150,370125,530391,-1.4898897971340586,-0.11904796556050368,0.41890385017133713,-1.4957887992274044,-36.676353084833444,-27.561777781530626,-20.741905020910643,157922.66666666666,201631.66666666666
2009-03-01,146323,333431,359215,523409,-1.6871145034064838,-2.8322890864053596,-2.9476528199932406,-1.3163873444308027,-37.699899518027145,-29.63052071527914,-22.326181816609225,148747.33333333334,194252.91666666666
2009-04-01,147467,334449,353787,517053,0.7818319744674396,0.3053105440105952,-1.511072755870435,-1.214346715474901,-36.18522974130843,-30.0151918441141,-25.600444142554622,147541.33333333334,187284.66666666666
2009-05-01,149255,339817,354483,513838,1.2124746553466181,1.6050279713798021,0.19672854005376994,-0.6217931237223251,-34.35589567665039,-28.86482480856426,-25.41062944243613,147681.66666666666,180775.08333333334
2009-06-01,147033,345129,361739,507452,-1.4887273458175643,1.5631943075243404,2.046924676218609,-1.2428041522814626,-35.86682485540561,-28.840848642296034,-24.92970051902288,147918.33333333334,173922.66666666666
2009-07-01,153691,348909,362449,504096,4.528235158093752,1.0952426484010402,0.196274109233463,-0.6613433388773737,-30.270721515713827,-26.96446700507614,-24.606651357063214,149993.0,168362.66666666666
2009-08-01,157489,355776,366753,501500,2.471192197331007,1.9681349578256846,1.187477410615001,-0.5149812734082437,-26.443443901618824,-23.31240340655575,-21.412485187954942,152737.66666666666,163644.58333333334
2009-09-01,158041,359189,374771,498099,0.3505006698880653,0.959311476884328,2.186212519052333,-0.6781655034895362,-26.57622709006017,-20.629108707421363,-17.323482565552904,156407.0,158877.58333333334
2009-10-01,161097,366143,378606,502146,1.9336754386519939,1.9360281077649866,1.023291556710637,0.812489083495449,-16.05683855100254,-12.763899312628812,-12.673450935527919,158875.66666666666,156309.66666666666
2009-11-01,160419,369445,386354,504770,-0.42086444812752255,0.9018334366627245,2.046454625653049,0.5225571845638433,-11.640191239975328,-4.470267600644373,-3.7927213416835803,159852.33333333334,154548.58333333334
2009-12-01,160520,371392,390857,505025,0.06296012317743571,0.5270067263056788,1.1655114221672314,0.05051805772926521,-7.666998372150546,1.6148184628854478,2.4540295416715763,160678.66666666666,153437.83333333334
2010-01-01,181016,393694,396215,505695,12.768502367306244,6.004975874547647,1.3708338343690896,0.13266669966833788,19.810702584637795,14.592835582825646,7.497402199245218,167318.33333333334,155932.08333333334
2010-02-01,180450,394215,394069,510367,-0.31267954213992644,0.13233628147748533,-0.5416251277715389,0.9238770405086028,21.24245804050149,14.881247267958608,6.469165822357303,173995.33333333334,158566.75
2010-03-01,182148,400659,401764,512320,0.9409808811305043,1.6346409953959196,1.9527037143241444,0.38266580715446974,24.483505668965243,20.162492389729803,11.84499533705441,181204.66666666666,161552.16666666666
2010-04-01,182948,400842,405276,515075,0.4392032852405636,0.04567475084797934,0.8741450204597712,0.5377498438476014,24.06029823621556,19.85145717284249,14.553672124753025,181848.66666666666,164508.91666666666
2010-05-01,189932,404370,403798,515983,3.817478190524093,0.880147289954647,-0.3646897422990736,0.17628500703781302,27.25335834645406,18.99640100406983,13.911809593125767,185009.33333333334,167898.66666666666
2010-06-01,185667,400624,404071,519456,-2.245540509234889,-0.9263793060810599,0.06760806145647003,0.6730841907582219,26.275734018893715,16.079494913496116,11.702359988831734,186182.33333333334,171118.16666666666
2010-07-01,187506,402326,408072,523182,0.9904829614309385,0.42483725388393623,0.9901725191859834,0.7172888560340152,22.00193895543656,15.309722592423803,12.587426093050325,187701.66666666666,173936.08333333334
2010-08-01,191745,408354,409306,525386,2.260727656714989,1.4982874584292372,0.30239761610695304,0.42126831580597823,21.751360412473254,14.778399892066929,11.602631743980286,188306.0,176790.75
2010-09-01,201932,422049,414874,531038,5.312785209523074,3.3537078123393016,1.3603514241179004,1.0757804737849819,27.77190728988048,17.500535929552406,10.700667874515378,193727.66666666666,180448.33333333334
2010-10-01,193066,417830,419156,538163,-4.390586930253749,-0.9996469604240277,1.0321205956507207,1.3417118925575844,19.844565696443752,14.116615639244777,10.710342678140329,195581.0,183112.41666666666
2010-11-01,197202,426427,424048,545104,2.142272590720262,2.0575353612713343,1.1671072345379674,1.2897579357926903,22.929328820152218,15.42367605462247,9.756337452181164,197400.0,186177.66666666666
2010-12-01,193452,429764,433667,553726,-1.9016034320138764,0.7825489474165614,2.2683752782703737,1.5817165164812685,20.515823573386506,15.717085990005163,10.952854880429408,194573.33333333334,188922.0
2011-01-01,203636,445734,443095,560473,5.264354982114416,3.715992963580006,2.174018313590853,1.2184726742107133,12.496132938524763,13.218387885007132,11.831959920750101,198096.66666666666,190807.0
2011-02-01,196393,438975,443044,566076,-3.556836708636979,-1.5163752372491235,-0.011509947076815408,0.9996913321426826,8.835134386256582,11.35421026597161,12.428026563875871,197827.0,192135.58333333334
2011-03-01,212748,463133,457499,573235,8.327689887114097,5.503274673956371,3.2626556278834595,1.2646711748952377,16.79952566045193,15.592810844134286,13.87257195766669,204259.0,194685.58333333334
2011-04-01,200733,454441,456866,582766,-5.647526651249368,-1.8767826952516886,-0.13836095816602834,1.6626688879778806,9.721341583400744,13.371602776156188,12.729596620574624,203291.33333333334,196167.66666666666
2011-05-01,207170,458536,455288,589349,3.206747271250876,0.9011070744056937,-0.3453966808648512,1.1296129149607204,9.075879788555907,13.395157899943122,12.751425217559277,206883.66666666666,197604.16666666666
2011-06-01,201579,454746,458051,591280,-2.6987498189892323,-0.8265436083535471,0.6068686194233175,0.3276496608970225,8.570182100211676,13.509425296537403,13.359038386818156,203160.66666666666,198930.16666666666
2011-07-01,206458,459477,461077,594906,2.4203910129527273,1.0403609927300161,0.6606251268963526,0.6132458395345708,10.107409896216657,14.20514706978917,12.98912936932699,205069.0,200509.5
2011-08-01,216705,468947,461942,596862,4.963237074853,2.061038963865447,0.1876042396389277,0.328791439319831,13.017288586403808,14.838351038559683,12.859816372103028,208247.33333333334,202589.5
2011-09-01,204738,457843,460608,595570,-5.522253755104867,-2.3678582014598715,-0.2887808426166094,-0.21646544762441433,1.3895766891824923,8.481005759994687,11.023587884514342,209300.33333333334,202823.33333333334
2011-10-01,210799,463126,463876,602499,2.9603688616671064,1.1538889968832011,0.7094970126441558,1.163423275181752,9.184941936954205,10.840772563004087,10.669058775253127,210747.33333333334,204301.08333333334
2011-11-01,215531,471598,467009,605644,2.244792432601672,1.8293077909683264,0.6753960110029489,0.521992567622509,9.29453048143527,10.592903357432814,10.131164396483427,210356.0,205828.5
2011-12-01,223835,478391,468024,607035,3.852810036607268,1.4404217151048115,0.21734056517113132,0.2296728771357337,15.705704774310947,11.314814642454918,7.922438184136671,216721.66666666666,208360.41666666666
2012-01-01,226295,482146,474909,609566,1.0990238345209624,0.784922793279974,1.4710784062355708,0.4169446572273472,11.12720737001316,8.168997653308917,7.179950123562673,221887.0,210248.66666666666
2012-02-01,226783,483814,474871,611427,0.215647716476286,0.34595330045255057,-0.008001532925250299,0.30529918007238255,15.474074941571248,10.21447690642976,7.183710872960702,225637.66666666666,212781.16666666666
2012-03-01,221729,481670,478309,612395,-2.228562105625198,-0.4431455063309442,0.7239860930652764,0.15831816390181608,4.221426288378738,4.002521953736826,4.5486438221722825,224935.66666666666,213529.58333333334
2012-04-01,218445,473621,474477,612939,-1.4810872732028746,-1.6710610999231879,-0.8011557382361589,0.08883155479715299,8.82366128140366,4.220569886960024,3.854740777383303,222319.0,215005.58333333334
2012-05-01,219486,471644,474071,612413,0.4765501613678502,-0.41742236936284094,-0.08556789897086192,-0.0858160436846056,5.944876188637349,2.8586632238253973,4.125520549630135,219886.66666666666,216031.91666666666
2012-06-01,217930,464626,467180,612743,-0.7089290433102802,-1.4879867018344317,-1.45357973805611,0.05388520491891313,8.11146002311749,2.172641430600808,1.9930095120412439,218620.33333333334,217394.5
2012-07-01,222851,472683,466928,615159,2.2580645161290214,1.734082896781497,-0.05394066526820396,0.3942925500576955,7.940113727731557,2.8741373344041143,1.2689854406096934,220089.0,218760.58333333334
2012-08-01,200405,455789,470127,617606,-10.072200708096446,-3.5740654942107097,0.6851163348524869,0.39778333731603777,-7.52174615260377,-2.805860790238557,1.7718674638807386,213728.66666666666,217402.25
2012-09-01,216864,474226,473980,622526,8.212868940395701,4.045073487951667,0.8195657769070941,0.7966243851257993,5.922691439791339,3.5783008585912546,2.9031193552869317,213373.33333333334,218412.75
2012-10-01,218355,477661,475666,622245,0.6875276671093333,0.7243381847473529,0.35571121144351014,-0.04513867693879403,3.5844572317705437,3.1384547617711034,2.5416275039019,211874.66666666666,219042.41666666666
2012-11-01,217176,476440,479682,623506,-0.5399464175310897,-0.25562061796964297,0.8442899008968441,0.20265329572757285,0.7632312753153903,1.0267219114584947,2.7136521994222784,217465.0,219179.5
2012-12-01,231169,488861,479410,625232,6.4431613069584115,2.607043908991691,-0.05670423322117202,0.2768217146266405,3.276520651372672,2.188586323739372,2.4327812248944536,222233.33333333334,219790.66666666666
2013-01-01,223063,484478,481938,627400,-3.5065255289420283,-0.8965738727368278,0.5273148244717474,0.3467512859226751,-1.4282242205970075,0.48367092125620736,1.4800730245162708,223802.66666666666,219521.33333333334
2013-02-01,234445,501772,491364,628276,5.102594334336041,3.5696151321628733,1.9558532425332675,0.1396238444373532,3.3785601213494942,3.7117569975238407,3.473153761758452,229559.0,220159.83333333334
2013-03-01,217480,476914,483070,627939,-7.236238776685367,-4.9540428720614145,-1.6879543474898395,-0.05363884662155094,-1.9163032350301479,-0.9873980110864267,0.9953816465924747,224996.0,219805.75
2013-04-01,226467,481734,478974,628288,4.132334007724858,1.0106643965159368,-0.8479102407518591,0.05557864697047776,3.6723202636819385,1.7129730311789437,0.9477803982068655,226130.66666666666,220474.25
2013-05-01,236942,494611,484192,625551,4.625397960850819,2.6730519332245573,1.0894119513794154,-0.4356282469186068,7.953126850915315,4.869562636225622,2.1349122810718324,226963.0,221928.91666666666
2013-06-01,246567,501093,480006,625285,4.062175553510983,1.3105248366898525,-0.8645330777873217,-0.04252251215328684,13.14045794521177,7.84867829178737,2.745408621944434,236658.66666666666,224315.33333333334
2013-07-01,220831,481156,480863,627142,-10.43773092100727,-3.9787025562121214,0.17853943492371904,0.2969845750337763,-0.9064352414842158,1.7925332622497514,2.984400164479317,234780.0,224147.0
2013-08-01,224721,485233,485051,628960,1.761528046334071,0.8473343364729935,0.8709341330066955,0.28988650098382696,12.133429804645601,6.460006713632849,3.174461368949233,230706.33333333334,226173.33333333334
2013-09-01,237493,496195,483975,630614,5.683491974492805,2.2591208759503267,-0.22183234340306113,0.26297379801576426,9.512413309724078,4.632601333541397,2.108738765348739,227681.66666666666,227892.41666666666
2013-10-01,231736,490079,485186,630603,-2.4240714463163116,-1.2325799332923548,0.25021953613306724,-0.001744331714803593,6.128094158594943,2.599751706754372,2.001404346747515,231316.66666666666,229007.5
2013-11-01,243831,504720,493452,629400,5.219301273863364,2.9874775291330646,1.703676528176823,-0.19076978701337843,12.273455630456409,5.935689698597946,2.870651806822022,237686.66666666666,231228.75
2013-12-01,238481,501745,489057,632374,-2.1941426643864004,-0.5894357267395733,-0.8906641375452939,0.4725135049253204,3.163053869679766,2.6355139804566052,2.0122650758223726,238016.0,231838.08333333334
2014-01-01,224538,488094,488587,633963,-5.846587359160694,-2.720704740455804,-0.09610331720024679,0.25127535287661207,0.6612481675580373,0.7463703202209349,1.3796380447277379,235616.66666666666,231961.0
2014-02-01,231380,496871,495161,639903,3.0471456947153808,1.798219195482842,1.3455126722569322,0.9369631981677173,-1.3073428735950854,-0.97673843897228,0.7727468841836282,231466.33333333334,231705.58333333334
2014-03-01,235485,498172,493571,640783,1.7741377820036375,0.26183858587036646,-0.3211076801282853,0.13752084300275857,8.27892219974251,4.457407415173376,2.173805038607246,230467.66666666666,233206.0
2014-04-01,237317,500540,494140,642136,0.7779688727519884,0.4753378351252113,0.11528229981097038,0.21114792371208502,4.7909850000220855,3.903814138092798,3.16635140947108,234727.33333333334,234110.16666666666
2014-05-01,234459,496209,493713,647324,-1.2042963630924053,-0.8652655132456943,-0.08641275751811728,0.8079285385027557,-1.047935781752496,0.32308217973315845,1.9663687132377206,235753.66666666666,233903.25
2014-06-01,237501,498610,493890,646463,1.297454992130831,0.48386869242598163,0.035850787805880024,-0.1330091268051281,-3.676891068147803,-0.495516800274598,2.8924638442019424,236425.66666666666,233147.75
2014-07-01,300114,558342,496723,647681,26.363257417863494,11.979703575941114,0.5736095081900761,0.18840985485635287,35.90211519216051,16.041782706648156,3.2982367119117173,257358.0,239754.66666666666
2014-08-01,236400,495777,496071,648757,-21.229932625602267,-11.205497705707257,-0.13126027987430122,0.166131166422967,5.197111084411343,2.1729766936708694,2.271926044890127,258005.0,240727.91666666666
2014-09-01,236112,492542,493030,649762,-0.12182741116750773,-0.6525111088251379,-0.6130170882796993,0.15491162330425468,-0.5814908228874094,-0.7362025010328566,1.870964409318665,257542.0,240612.83333333334
2014-10-01,233072,484859,488060,647766,-1.287524564613407,-1.5598669758111972,-1.0080522483418841,-0.3071894016578369,0.576518106811208,-1.0651343966993077,0.5923501502516526,235194.66666666666,240724.16666666666
2014-11-01,228727,476389,479319,648098,-1.8642307956339699,-1.7468996141146165,-1.7909683235667773,0.05125307595643669,-6.1944543556807785,-5.613211285465214,-2.864108363123463,232637.0,239465.5
2014-12-01,225104,465351,477143,643319,-1.5839844006173331,-2.317014036848042,-0.4539774137891417,-0.737388481371648,-5.609251890087686,-7.253485336176746,-2.436116853454706,228967.66666666666,238350.75
2015-01-01,225739,458487,463448,642216,0.2820918331082556,-1.4750156333606212,-2.870208721494394,-0.17145459717495815,0.5348760566140198,-6.065839776764315,-5.145245370834672,226523.33333333334,238450.83333333334
2015-02-01,217321,452249,464823,642612,-3.7290853596410045,-1.3605620224782844,0.2966891646959402,0.061661497066412,-6.076151784942518,-8.980600598545696,-6.126896100460256,222721.33333333334,237279.25
2015-03-01,230136,464063,469376,643041,5.896807027392659,2.612277749646763,0.9795126316899161,0.06675879068551716,-2.2714822600165663,-6.846832017857285,-4.902030305670313,224398.66666666666,236833.5
2015-04-01,225656,459217,467851,643913,-1.946675009559562,-1.0442547671329128,-0.32489944095991374,0.13560566122532425,-4.913680857250002,-8.255683861429652,-5.320152183591698,224371.0,235861.75
2015-05-01,218316,451910,465200,644637,-3.2527386818874793,-1.591186737424788,-0.5666333939651769,0.11243754979322063,-6.885212339897384,-8.927488215651069,-5.7752175859254296,224702.66666666666,234516.5
2015-06-01,228948,463050,467861,647645,4.870004946957618,2.4650926069350154,0.5720120378331917,0.4666191980913226,-3.6012479947452825,-7.13182647760775,-5.270201866812451,224306.66666666666,233803.75
2015-07-01,228347,460215,466119,647152,-0.2625050229746462,-0.6122448979591799,-0.3723328082485988,-0.0761219495248211,-23.913246299739434,-17.574712273122927,-6.1611803761855155,225203.66666666666,227823.16666666666
2015-08-01,222335,449990,460860,644995,-2.6328351149785156,-2.221787642732198,-1.1282526565104645,-0.33330654931144066,-5.949661590524535,-9.235402207040666,-7.097975894579611,226543.33333333334,226651.08333333334
2015-09-01,217744,442590,458330,641540,-2.064902062203433,-1.6444809884664124,-0.5489736579438409,-0.5356630671555562,-7.779358948295723,-10.141673197412604,-7.038111271119407,222808.66666666666,225120.41666666666
2015-10-01,226517,450974,454634,641947,4.029043280182232,1.8943039833706043,-0.8064058647699213,0.06344109486549065,-2.81243564220498,-6.988629684093728,-6.848748104741221,222198.66666666666,224574.16666666666
2015-11-01,224319,445693,452391,639703,-0.9703465965026914,-1.1710209457751475,-0.4933638927136941,-0.34956156816684514,-1.9271883074582385,-6.44347371580788,-5.617970495640689,222860.0,224206.83333333334
2015-12-01,217570,435902,443487,638420,-3.008661771851695,-2.1968036294040982,-1.9682089166230043,-0.2005618232210904,-3.3468974340749136,-6.328341402511217,-7.053650582739346,222802.0,223579.0
2016-01-01,228982,443714,443489,634438,5.245208438663429,1.7921459410601415,0.00045097150536133057,-0.6237273268381305,1.4366148516649746,-3.2221197111368505,-4.306632027757162,223623.66666666666,223849.25
2016-02-01,216792,430074,440948,631823,-5.323562550768179,-3.074052204798583,-0.5729567136952718,-0.41217581544611415,-0.24341872161457445,-4.903272312376594,-5.136363734152571,221114.66666666666,223805.16666666666
2016-03-01,218388,435914,442640,632156,0.7361895272888219,1.3579058487609208,0.3837187151319421,0.0527046340509818,-5.104807592032534,-6.0657712422666705,-5.696073084265063,221387.33333333334,222826.16666666666
2016-04-01,229837,448780,446438,631634,5.242504166895623,2.9514996077207867,0.8580336164829117,-0.08257455438214212,1.8528202219307177,-2.272781713220551,-4.576884520926539,221672.33333333334,223174.58333333334
2016-05-01,223117,442666,444944,631913,-2.923811222736117,-1.3623601764784499,-0.33464893221455405,0.044171149748106764,2.1991058832151467,-2.0455400411586333,-4.354256233877907,223780.66666666666,223574.66666666666
2016-06-01,206910,428557,446518,631186,-7.263901899003667,-3.187278896504364,0.3537523823222699,-0.11504748280222188,-9.625766549609516,-7.44908757153655,-4.561824986481023,219954.66666666666,221738.16666666666
2016-07-01,216155,436205,444860,632229,4.468126238461156,1.7845934146449638,-0.3713176176548316,0.16524447627166428,-5.3392424686989575,-5.217126777701731,-4.560852486167699,215394.0,220722.16666666666
2016-08-01,217584,438052,445299,633175,0.6610996738451558,0.4234247658784218,0.09868273164590491,0.14962932734816636,-2.1368655407380754,-2.6529478432854026,-3.376513474807963,213549.66666666666,220326.25
2016-09-01,217396,439291,448180,631613,-0.08640341201558988,0.28284313277875395,0.6469810172490931,-0.2466932522604326,-0.15982070688514982,-0.7453851194107464,-2.2145615604477142,217045.0,220297.25
2016-10-01,233461,455707,446639,631986,7.389740381607757,3.736930645062153,-0.34383506626801674,0.059055149276532326,3.065553578760083,1.0495061799571603,-1.7585574330120535,222813.66666666666,220875.91666666666
2016-11-01,216353,437831,445828,634697,-7.327990542317564,-3.9226959427878016,-0.18157841120010065,0.4289651985961651,-3.551192721080243,-1.7639944984552125,-1.4507361994380963,222403.33333333334,220212.08333333334
2016-12-01,219525,450002,457649,635625,1.4661224942570605,2.779839709842391,2.6514709708676865,0.14621149934535005,0.898561382543539,3.2346720134342144,3.193329229492625,223113.0,220375.0
2017-01-01,219277,449458,458063,637085,-0.11297118779182158,-0.12088835160732891,0.09046234122658259,0.22969518190756322,-4.238324409778937,1.2945275560383385,3.2862145397067444,218385.0,219566.25
2017-02-01,221514,452304,457212,638228,1.0201708341504023,0.6332071072269185,-0.1857823050541052,0.1794109106320274,2.178124654046276,5.1688779140333985,3.6884167747671004,220105.33333333334,219959.75
2017-03-01,222944,452339,457680,637963,0.645557391406415,0.007738158406733753,0.10235951812287425,-0.04152121185532209,2.0861952121911553,3.7679450533820935,3.3977950478944585,221245.0,220339.41666666666
2017-04-01,224150,453101,456123,638966,0.5409430170805196,0.16845772750082588,-0.34019402202412063,0.157219149072918,-2.4743622654315844,0.9628325682962791,2.169394182394857,222869.33333333334,219865.5
2017-05-01,222292,449830,459082,638581,-0.8289092125808639,-0.7219140986226003,0.6487285227888107,-0.06025359721800738,-0.3697611567025416,1.6183759312890622,3.1774785141500894,223128.66666666666,219796.75
2017-06-01,236980,464569,457036,638360,6.607525237075551,3.276571149100782,-0.4456720150212812,-0.03460798238594798,14.532888695568126,8.403082903791104,2.3555601341939125,227807.33333333334,222302.58333333334
2017-07-01,217739,446456,457115,641917,-8.119250569668324,-3.8988826202351,0.017285290436630518,0.5572090983144262,0.7328074761166814,2.350041838126571,2.754799262689378,225670.33333333334,222434.58333333334
2017-08-01,221312,451655,461432,645043,1.6409554558439288,1.1645044528464155,0.9444012994541895,0.4869788461748126,1.7133612765644513,3.1053390921625734,3.6229589556679986,225343.66666666666,222745.25
2017-09-01,228782,461945,465606,649508,3.3753253325621735,2.2782876310458278,0.9045753220409569,0.6922019152211467,5.2374468711475775,5.156946079022795,3.8881699317238505,222611.0,223694.08333333334
2017-10-01,228333,463700,468916,651703,-0.19625669851649485,0.37991535788892694,0.7109014918192713,0.3379481084143654,-2.196512479600443,1.753977884912894,4.987696999142477,226142.33333333334,223266.75
2017-11-01,230235,470284,477154,655435,0.8329939167794453,1.4198835453957281,1.7568178522379352,0.5726534939995753,6.416365846556316,7.412220697026939,7.0264765784114,229116.66666666666,224423.58333333334
2017-12-01,241711,485673,481031,658658,4.984472386909022,3.272278027744946,0.8125259350230785,0.4917344969371573,10.106366017537871,7.926853658428179,5.109155706666035,233426.33333333334,226272.41666666666
2018-01-01,228219,472765,483473,661180,-5.581872566825674,-2.6577553209669924,0.5076595895067149,0.3828997749970364,4.077947071512278,5.185579075241731,5.547271881815385,233388.33333333334,227017.58333333334
2018-02-01,236950,481644,485074,664777,3.825711268562215,1.8781001131640496,0.3311456896248677,0.544027345049769,6.968408317307251,6.486787647246106,6.093890799016655,235626.66666666666,228303.91666666666
2018-03-01,244343,489613,487068,664252,3.1200675247942566,1.6545415285978748,0.4110713004613631,-0.07897385138173618,9.598374479689964,8.240279967015883,6.421080230728893,236504.0,230087.16666666666
2018-04-01,243872,488803,489728,666820,-0.19276181433476314,-0.16543678374553172,0.5461249763893283,0.38660026616403886,8.798572384563919,7.879479409668044,7.367530249516019,241721.66666666666,231730.66666666666
2018-05-01,243168,492104,493641,668289,-0.2886760267681421,0.6753231874599752,0.7990149634082622,0.22029933115383926,9.39125114713979,9.397772491830247,7.527849055288605,243794.33333333334,233470.33333333334
2018-06-01,243778,493717,496052,668729,0.2508553757073262,0.3277762424203079,0.4884116189700638,0.06583977889804693,2.86859650603426,6.274202540419194,8.53674546425227,243606.0,234036.83333333334
2018-07-01,235786,486008,495149,676418,-3.2783926359228444,-1.5614208139480668,-0.1820373670502251,1.1497931149987428,8.28836359127212,8.859103696668868,8.320444527088377,240910.66666666666,235540.75
2018-08-01,245657,497373,499103,677092,4.186423282128704,2.33843887343419,0.798547507921854,0.09964252873222446,11.000307258530938,10.122327883008042,8.163933147245972,241740.33333333334,237569.5
2018-09-01,247957,500038,500424,681859,0.9362647919660239,0.535815172918519,0.26467482663898867,0.7040402190544359,8.381341189429236,8.246219788070007,7.477996417571942,243133.33333333334,239167.41666666666
2018-10-01,238903,490964,500330,683367,-3.6514395641179753,-1.8146620856814843,-0.018784071107702527,0.22116009321575536,4.6292038382537815,5.879663575587668,6.699280894659165,244172.33333333334,240048.25
2018-11-01,235930,483061,496441,683686,-1.2444381192366794,-1.60969032352678,-0.7772869905862123,0.04668062695447617,2.4735596238625757,2.7168689557799164,4.042091232599954,240930.0,240522.83333333334
2018-12-01,243401,487514,492896,683417,3.166617216971135,0.9218297482098459,-0.7140828416669853,-0.03934554751743313,0.6991820810803073,0.3790616320034301,2.466576998156045,239411.33333333334,240663.66666666666
2019-01-01,236180,479440,490566,688842,-2.9667092575626275,-1.656157566757055,-0.4727163539570256,0.7938052462844736,3.4883160473054398,1.411906549765729,1.4670933020044519,238503.66666666666,241327.08333333334
2019-02-01,231710,477752,493776,692318,-1.8926242696248652,-0.35207742366093475,0.6543462041804782,0.5046149915365117,-2.2114370120278504,-0.8080657082824683,1.7939530875701548,237097.0,240890.41666666666
2019-03-01,240465,486807,492876,694750,3.7784299339691962,1.895334818064609,-0.1822688830562802,0.35128365866552436,-1.5871131974314778,-0.5731056977653748,1.192441301830538,236118.33333333334,240567.25
2019-04-01,232744,479871,491734,697429,-3.2108622876510062,-1.4247946311371829,-0.2317012798350948,0.3856063332133841,-4.563049468573677,-1.8273210270804419,0.409615133298491,234973.0,239639.91666666666
2019-05-01,224565,470587,490845,699151,-3.514161482143474,-1.9346866136940921,-0.18078880044902768,0.24690685360087006,-7.6502664824319,-4.3724497260741675,-0.5664035199669404,232591.33333333334,238089.66666666666
2019-06-01,224890,465014,485229,701006,0.1447242446507735,-1.1842656086972214,-1.1441493750573017,0.265321797437168,-7.748033046460301,-5.813654380951028,-2.181827711610884,227399.66666666666,236515.66666666666
2019-07-01,228956,470462,482001,705299,1.8079950197874561,1.171577629920817,-0.6652529012074693,0.6124055999520595,-2.8966944602308864,-3.198712778390478,-2.655362325279864,226137.0,235946.5
2019-08-01,230355,470882,480821,707284,0.6110344345638508,0.08927394773647901,-0.24481277009799074,0.2814409208009572,-6.229010368114896,-5.326183769525084,-3.6629713706389233,228067.0,234671.33333333334
2019-09-01,226791,465927,477624,709778,-1.5471771830435577,-1.052280613826817,-0.66490440309388,0.35261648786060196,-8.536157478917715,-6.82168155220203,-4.5561363963359085,228700.66666666666,232907.5
2019-10-01,226218,461979,472351,711231,-0.2526555286585408,-0.8473430387163638,-1.1040064988359077,0.20471189583222138,-5.309686358061638,-5.903691513023357,-5.5921092079227686,227788.0,231850.41666666666
2019-11-01,218719,455529,471742,714554,-3.314943992078434,-1.3961673582565393,-0.1289295460367379,0.46721810494760874,-7.294960369601156,-5.699487228321065,-4.975213570192627,223909.33333333334,230416.16666666666
2019-12-01,222265,460568,471880,717140,1.621258326894326,1.1061864337945648,0.029253278274987693,0.3619040688317421,-8.68361263922498,-5.527225884795106,-4.263779783159127,222400.66666666666,228654.83333333334
2020-01-01,233656,466813,465602,716138,5.124963444536923,1.3559344114224103,-1.3304229888954855,-0.1397216721979011,-1.0686764332288878,-2.633697647255129,-5.0888157760627495,224880.0,228444.5
2020-02-01,240355,467618,462497,713511,2.867035299756915,0.17244592588467889,-0.6668785787002585,-0.3668287397121772,3.7309567994475934,-2.121184212729621,-6.334653770130583,232092.0,229164.91666666666
2020-03-01,204710,421299,438093,705996,-14.830147074119527,-9.905307323499091,-5.276574766971464,-1.0532423466491747,-14.86910777036159,-13.456667632141695,-11.114966036082096,226240.33333333334,226185.33333333334
2020-04-01,165166,362308,375078,704034,-19.317082702359436,-14.00216948058267,-14.383932178783954,-0.2779052572535856,-29.03533496029973,-24.498875739521665,-23.723395168932793,203410.33333333334,220553.83333333334
2020-05-01,184417,383361,384141,703478,11.655546541055672,5.810801859191628,2.4162974101386903,-0.07897345866818561,-17.878119920735646,-18.535573655880842,-21.738838126088687,184764.33333333334,217208.16666666666
2020-06-01,202777,412500,424374,705621,9.955698227386844,7.600929672032364,10.473498012448545,0.3046292847821874,-9.832807150162303,-11.292993329233102,-12.541501023228207,184120.0,215365.41666666666
2020-07-01,223750,438761,444447,704169,10.342888986423503,6.366303030303033,4.73002587340412,-0.20577618863384384,-2.273799332622861,-6.738270040938477,-7.791270142593065,203648.0,214931.58333333334
2020-08-01,226872,443826,447714,705783,1.3953072625698226,1.1543870125193534,0.7350707733430495,0.2292063410914036,-1.5120140652471137,-5.745813176124804,-6.88551456779134,217799.66666666666,214641.33333333334
2020-09-01,230481,449930,452115,704927,1.5907648365598215,1.3753137490818412,0.982993607526228,-0.12128373735269538,1.6270486924084393,-3.4333704636133944,-5.340812019496511,227034.33333333334,214948.83333333334
2020-10-01,236338,458301,458184,706337,2.5412073012526015,1.8605116351432471,1.3423575860123993,0.20002071136444588,4.4735609014313615,-0.7961400842895427,-2.9992526743883308,231230.33333333334,215792.16666666666
2020-11-01,237115,463573,462999,712952,0.32876642774331,1.1503356964091216,1.0508878529149834,0.9365218019160793,8.410791929370554,1.7658590342217506,-1.8533435649147223,234644.66666666666,217325.16666666666
2020-12-01,241814,475848,476164,715771,1.9817388187166607,2.647910900764283,2.8434186682908535,0.39539828768275775,8.795356893797933,3.3176425630960127,0.9078579299822032,238422.33333333334,218954.25
2021-01-01,249937,492597,490748,720900,3.359193429660823,3.519821455590866,3.062810292252238,0.7165699644160028,6.967935768822553,5.523410873304724,5.400749996778353,242955.33333333334,220311.0
2021-02-01,251426,496279,485557,731902,0.595750129032524,0.7474669963479341,-1.0577730321876033,1.526147870717165,4.606103471947742,6.129148150841068,4.985978287426729,247725.66666666666,221233.58333333334
2021-03-01,253805,501773,492369,738152,0.9462028588928861,1.1070385811206895,1.4029248883241419,0.8539394618405138,23.982707244394508,19.101398294323026,12.389150248919755,251722.66666666666,225324.83333333334
2021-04-01,252613,505746,499624,743834,-0.4696518981107567,0.7917923044882924,1.473488379650223,0.7697601577994817,52.94491602387901,39.59007253497025,33.205359951796694,252614.66666666666,232612.08333333334
2021-05-01,253009,512022,504428,755571,0.1567615285040791,1.2409391275462367,0.9615230653451379,1.5779058230734222,37.193968018132814,33.56131687886874,31.313241752377373,253142.33333333334,238328.08333333334
2021-06-01,258284,522925,513396,766617,2.084906070535042,2.1294006898141093,1.7778553133450226,1.461940704447362,27.373420062433105,26.769696969696977,20.977251198235525,254635.33333333334,242953.66666666666
2021-07-01,259416,528954,525686,777012,0.43827724520295597,1.1529378017880232,2.3938636062610597,1.3559574076755343,15.940111731843576,20.556293745342003,18.27866989764808,256903.0,245925.83333333334
2021-08-01,264287,534721,524641,787704,1.8776790945816746,1.0902649379719298,-0.1987878695647205,1.3760405244706675,16.49167812687331,20.479872742921778,17.182174334508193,260662.33333333334,249043.75
2021-09-01,259192,533538,531014,800359,-1.9278284592128991,-0.22123686932064013,1.2147354095467078,1.6065679493820095,12.45699211648683,18.582446158291297,17.451090983488715,260965.0,251436.33333333334
2021-10-01,263534,546544,544228,810937,1.6752060248773182,2.4376895366403195,2.488446632292174,1.32165690646322,11.507248093831723,19.2543764905597,18.779355018944344,262337.6666666667,253702.66666666666
2021-11-01,268650,554883,550118,823658,1.9413054861991297,1.5257691969905451,1.0822669910405258,1.568679194561362,13.299453851506659,19.697005649595646,18.816239343929464,263792.0,256330.58333333334
2021-12-01,277487,566241,557399,832745,3.2894100130280934,2.0469179989295094,1.3235342235665692,1.1032491640948106,14.75224759525917,18.996192061330518,17.06029855259952,269890.3333333333,259303.33333333334
2022-01-01,280925,571817,563077,842941,1.2389769610828605,0.984739713302285,1.0186598827769622,1.2243844153972727,12.398324377743197,16.08211174651897,14.738521603755906,275687.3333333333,261885.66666666666
2022-02-01,277036,571624,567330,854638,-1.3843552549612892,-0.0337520570392269,0.7553141044652767,1.387641602437184,10.185899628518925,15.18198432736424,16.84107118216811,278482.6666666667,264019.8333333333
2022-03-01,277554,583312,582065,871356,0.18697930954820752,2.0447007123563843,2.5972538029013004,1.9561498552603584,9.357183664624413,16.25017687280903,18.21723138540403,278505.0,265998.9166666667
2022-04-01,279157,586866,586202,880022,0.5775452704698925,0.6092794250761147,0.7107453634903393,0.9945418405336026,10.50777275912167,16.039672088360568,17.328631130610226,277915.6666666667,268210.9166666667
2022-05-01,278740,593328,594219,895915,-0.14937830683092734,1.1011031479077005,1.3676173059798513,1.8059775778332732,10.169993952784285,15.879395807211406,17.80055825608411,278483.6666666667,270355.1666666667
2022-06-01,284763,602502,598859,905322,2.16079500609887,1.5461936736510085,0.7808568894633217,1.04998800109386,10.25189326477831,15.21766983793087,16.646604180788316,280886.6666666667,272561.75
2022-07-01,284460,595337,592745,911470,-0.1064042730270387,-1.189207670679926,-1.0209414904009173,0.6790953936831379,9.653992043667303,12.549862558937065,12.756474397263773,282654.3333333333,274648.75
2022-08-01,282368,588812,590067,914837,-0.7354285312522024,-1.0960178856681213,-0.45179630363816337,0.3694032716381246,6.841426176845622,10.115742602216859,12.470622768712314,283863.6666666667,276155.5
2022-09-01,282430,591853,594418,921451,0.021957162284680365,0.5164636590286875,0.7373738914394412,0.7229703214889582,8.965554492422601,10.929868163092404,11.940174835315087,283086.0,278092.0
2022-10-01,287071,599595,598544,930418,1.6432390326806656,1.3080950844212902,0.6941243367462047,0.9731391034357717,8.93129539262485,9.706629292426584,9.980375871877234,283956.3333333333,280053.4166666667
2022-11-01,279095,584264,592408,934189,-2.7784067356159237,-2.556892569150848,-1.0251543746157332,0.4053017031054873,3.887958310068873,5.294990115033249,7.687441603437817,282865.3333333333,280923.8333333333
2022-12-01,293358,593382,587940,939060,5.110446263816981,1.560595895006367,-0.7542099363951893,0.5214148314741429,5.719547222032029,4.793188765914169,5.4791989221365744,286508.0,282246.4166666667
2023-01-01,288874,593201,594760,941094,-1.5285078300233845,-0.03050311603655098,1.159982311120178,0.21659957830171273,2.8295808489810392,3.7396579674966013,5.626761526398694,287109.0,282908.8333333333
2023-02-01,280693,582578,587856,939381,-2.832030573883426,-1.7907926655551853,-1.1608043580603966,-0.18202219969525313,1.3200450482969694,1.9162946272374803,3.6180001057585454,287641.6666666667,283213.5833333333
2023-03-01,289270,584931,583439,931185,3.055651548132654,0.4038944141385281,-0.751374486268741,-0.8724894371932135,4.221160566952742,0.2775530076528421,0.23605611057184728,286279.0,284189.9166666667
2023-04-01,290168,583953,579771,934978,0.31043661631002806,-0.1671992081117235,-0.6286861180003434,0.40733044454108747,3.9443753873268372,-0.49636543947000344,-1.0970621048717044,286710.3333333333,285107.5
2023-05-01,289707,581399,581957,932159,-0.15887348019079095,-0.437363965935611,0.37704541965706273,-0.3015044204248696,3.934490923441203,-2.010523690100585,-2.0635489609049817,289715.0,286021.4166666667
2023-06-01,303971,596374,583700,931027,4.923595218617427,2.575683824705588,0.299506664581739,-0.12143850995377514,6.745258337635152,-1.0170920594454458,-2.5313137149145293,294615.3333333333,287622.0833333333
2023-07-01,293278,586852,585630,931694,-3.5177697872494362,-1.5966490826226476,0.3306493061504101,0.0716413165246621,3.099908598748513,-1.42524318159295,-1.2003475356181847,295652.0,288356.9166666667
2023-08-01,289128,589655,593496,934176,-1.4150396552076838,0.47763320223839223,1.3431688950361176,0.26639647781352416,2.3940389845874988,0.14316963648839387,0.5811204490337563,295459.0,288920.25
2023-09-01,298229,603929,597455,935124,3.1477407930051715,2.4207375499232686,0.6670643104587093,0.1014798068029954,5.593952483801301,2.040371511169159,0.5109199250359131,293545.0,290236.8333333333
2023-10-01,285976,584930,588017,934863,-4.10858769603224,-3.145899600780888,-1.5797005632223304,-0.027910736971781258,-0.38143873815188467,-2.44581759354231,-1.7587679435429937,291111.0,290145.5833333333
2023-11-01,298570,595096,587708,934300,4.403866058690231,1.7379857418836409,-0.05254950111986956,-0.06022272782215676,6.977910747236593,1.8539564306546463,-0.7933721354201784,294258.3333333333,291768.5
2023-12-01,304324,603429,590118,933564,1.9271862544796958,1.4002782744296782,0.41006758458281833,-0.07877555389060875,3.738094751123211,1.6931757282829585,0.37044596387385553,296290.0,292682.3333333333
2024-01-01,280614,575836,584255,932239,-7.791038498442449,-4.5727003508283515,-0.99353010753781,-0.14192920892408534,-2.8593781371809124,-2.927338288371062,-1.7662586589548779,294502.6666666667,291994.0
2024-02-01,282623,580113,587042,933569,0.7159300676373936,0.7427461985704209,0.47701774054136337,0.14266727738272422,0.6875839440242615,-0.4231193076291939,-0.1384692849949687,289187.0,292154.8333333333
2024-03-01,287423,588450,590400,934012,1.69837557452861,1.4371337997941769,0.5720204005846163,0.04745230400753364,-0.6385038199605897,0.6016094205983258,1.1930981645039251,283553.3333333333,292000.9166666667
2024-04-01,286972,589369,595413,935587,-0.15691159023459855,0.15617299685615205,0.8490853658536635,0.16862738380234443,-1.1014308952055352,0.927471902704502,2.6979617814619994,285672.6666666667,291734.5833333333
2024-05-01,286829,585723,590334,936426,-0.04983064549851646,-0.6186277187975597,-0.8530213482070392,0.08967632085525867,-0.9934174873234003,0.7437233294175005,1.4394534304080775,287074.6666666667,291494.75
2024-06-01,281128,579092,591770,935183,-1.9875953965603155,-1.1321051077044952,0.24325212506817184,-0.13273873215822185,-7.514861615088286,-2.89784598255457,1.3825595340071883,284976.3333333333,289591.1666666667
2024-07-01,293234,593865,597331,934978,4.306223499615824,2.5510626981550377,0.9397232032715364,-0.021920843300193837,-0.01500283007931369,1.1950202095247109,1.9980192271570774,287063.6666666667,289587.5
2024-08-01,289926,589396,593766,935844,-1.1281092915555457,-0.7525279314322231,-0.5968215277626587,0.09262250020856122,0.27600232423010684,-0.04392398945145537,0.04549314569937124,288096.0,289654.0
2024-09-01,292469,591606,592881,934025,0.8771203686458007,0.37496012867410666,-0.14904861511100265,-0.19437000183791797,-1.93140170808338,-2.040471644845665,-0.7655806713476321,291876.3333333333,289174.0
2024-10-01,293266,591738,590720,934085,0.27250751361682646,0.022312146935621335,-0.3644913566128838,0.0064238109258374365,2.5491649648921477,1.1638999538406303,0.4596805874660159,291887.0,289781.5
2024-11-01,288340,589991,593730,938291,-1.679703750179018,-0.29523201146453015,0.509547670639221,0.4502802207507983,-3.4263321834075766,-0.857844784707007,1.0246585038828915,291358.3333333333,288929.0
2024-12-01,290559,592319,596142,941027,0.7695775820212303,0.39458229023832114,0.4062452629983282,0.29159397244564733,-4.523139811516675,-1.8411445257022763,1.0208127865952266,290721.6666666667,287781.9166666667
2025-01-01,291195,594107,598328,941981,0.21888841853117125,0.3018643670049448,0.36669115747589576,0.10137860018895051,3.7706600525989398,3.172952021061559,2.40870852624282,290031.3333333333,288663.6666666667
2025-02-01,293985,597337,602132,943013,0.9581208468552038,0.5436731093893865,0.6357716837587457,0.10955634986269391,4.0201965162071085,2.9690767143642605,2.570514545807634,291913.0,289610.5
2025-03-01,316215,617418,600663,944064,7.5616102862390955,3.361753917805199,-0.2439664392525187,0.11145127373641817,10.017291587660004,4.92276319143512,1.7383130081300768,300465.0,292009.8333333333
2025-04-01,295229,593537,598633,943249,-6.636623816074505,-3.867882050733862,-0.33795988765746854,-0.086328892956411,2.8772841949737282,0.7071970191849353,0.5408010910074257,301809.6666666667,292697.9166666667
2025-05-01,344069,642533,599560,944036,16.543090279071503,8.254919238396251,0.15485280631037934,0.08343502086936017,19.956141115438108,9.699123988643098,1.5628440848739933,318504.3333333333,297467.9166666667
2025-06-01,311761,611471,602992,946202,-9.389977010425232,-4.834304230288566,0.5724197745013093,0.22944040269650134,10.896459975527172,5.591339545357221,1.8963448637139502,317019.6666666667,300020.6666666667
2025-07-01,303032,603586,608530,948226,-2.7999012063728346,-1.2895133211550558,0.918420144877552,0.21390781249670532,3.3413587783135634,1.63690401017067,1.8748399128791338,319620.6666666667,300837.1666666667
2025-08-01,312138,611464,606847,947640,3.004963172206243,1.3051992590948025,-0.2765681231820971,-0.06179961317238636,7.661265288383934,3.7441719998099643,2.2030564229005956,308977.0,302688.1666666667
2025-09-01,314147,612874,606522,946694,0.6436255758670795,0.23059411510735206,-0.05355550904923012,-0.09982693849984736,7.412067603746042,3.594960159295213,2.300798979896479,309772.3333333333,304494.6666666667
2025-10-01,307570,605401,607176,947012,-2.093605859677161,-1.219337090494943,0.10782791061165753,0.03359057942693422,4.877483240471103,2.308961060469339,2.785752979414946,311285.0,305686.6666666667
2025-11-01,324305,621859,606008,948592,5.4410378125304915,2.718528710722312,-0.19236596966941688,0.166840546899083,12.47312200873969,5.401438327025332,2.0679433412493786,315340.6666666667,308683.75
2025-12-01,319898,617527,609157,949572,-1.3589059681472726,-0.6966209381869537,0.5196301038930207,0.10331101253224784,10.097432879380786,4.255814856521578,2.1832046727122023,317257.6666666667,311128.6666666667
